id,ts,team,avg_acs
1,2025-10-07 23:13:43.256053+05:00,DRX,232.39
2,2025-10-07 23:13:53.259923+05:00,G2 Esports,233.85
3,2025-10-07 23:19:20.411401+05:00,Team Vitality,215.44
4,2025-10-07 23:19:30.417046+05:00,Sentinels,209.03
5,2025-10-07 23:19:40.428656+05:00,G2 Esports,204.28
6,2025-10-07 23:19:50.432837+05:00,Sentinels,206.49
7,2025-10-07 23:20:00.447994+05:00,Team Vitality,213.32
8,2025-10-07 23:20:10.463800+05:00,G2 Esports,206.05
9,2025-10-07 23:20:20.465528+05:00,G2 Esports,203.07
10,2025-10-07 23:20:30.471004+05:00,FNATIC,202.22
11,2025-10-07 23:20:40.479300+05:00,Sentinels,201.51
12,2025-10-07 23:20:50.493219+05:00,Gen.G,195.90
13,2025-10-07 23:21:00.498414+05:00,Paper Rex,192.43
14,2025-10-07 23:21:10.502146+05:00,FUT Esports,197.41
15,2025-10-07 23:21:20.505768+05:00,LEVIATÁN,193.03
16,2025-10-07 23:21:30.510207+05:00,LEVIATÁN,190.59
17,2025-10-07 23:21:40.514877+05:00,Gen.G,184.09
18,2025-10-07 23:21:50.523674+05:00,Sentinels,191.52
19,2025-10-07 23:22:00.539513+05:00,Gen.G,197.14
20,2025-10-07 23:22:10.554219+05:00,FNATIC,189.29
21,2025-10-07 23:22:20.564752+05:00,KRÜ Esports,182.91
22,2025-10-07 23:22:30.576454+05:00,Gen.G,186.35
23,2025-10-07 23:22:40.589730+05:00,LEVIATÁN,189.17
24,2025-10-07 23:22:50.595001+05:00,Gen.G,193.73
25,2025-10-07 23:23:00.599619+05:00,FNATIC,194.81
26,2025-10-07 23:23:10.603319+05:00,Gen.G,191.06
27,2025-10-07 23:23:20.605488+05:00,G2 Esports,187.58
28,2025-10-07 23:23:30.614899+05:00,LEVIATÁN,193.73
29,2025-10-07 23:23:40.632271+05:00,TALON,200.75
30,2025-10-07 23:23:50.635737+05:00,Team Vitality,203.59
31,2025-10-07 23:24:00.649033+05:00,Team Vitality,199.77
32,2025-10-07 23:24:10.664357+05:00,Sentinels,192.41
33,2025-10-07 23:24:20.674151+05:00,Trace Esports,199.12
34,2025-10-07 23:24:30.680990+05:00,FNATIC,203.36
35,2025-10-07 23:24:40.689483+05:00,Sentinels,208.73
36,2025-10-07 23:24:50.695892+05:00,EDward Gaming,204.03
37,2025-10-07 23:25:00.703373+05:00,EDward Gaming,204.33
38,2025-10-07 23:25:10.710826+05:00,EDward Gaming,203.95
39,2025-10-07 23:25:20.723696+05:00,FunPlus Phoenix,211.15
40,2025-10-07 23:25:30.736614+05:00,FUT Esports,213.86
41,2025-10-07 23:25:40.744960+05:00,Team Vitality,209.89
42,2025-10-07 23:25:50.752817+05:00,FNATIC,205.53
43,2025-10-07 23:26:00.760044+05:00,FNATIC,201.57
44,2025-10-07 23:26:10.764394+05:00,DRX,200.97
45,2025-10-07 23:26:20.772698+05:00,Gen.G,201.94
46,2025-10-07 23:26:30.779381+05:00,Paper Rex,203.51
47,2025-10-07 23:26:40.784280+05:00,Team Vitality,195.67
48,2025-10-07 23:26:50.786626+05:00,Team Heretics,195.51
49,2025-10-07 23:27:00.797816+05:00,FNATIC,191.73
50,2025-10-07 23:27:10.804398+05:00,Bilibili Gaming,196.27
51,2025-10-07 23:27:20.812073+05:00,LEVIATÁN,192.75
52,2025-10-07 23:27:30.826968+05:00,Team Vitality,187.20
53,2025-10-07 23:27:40.838076+05:00,Sentinels,180.87
54,2025-10-07 23:27:50.841229+05:00,DRX,188.27
55,2025-10-07 23:28:00.843999+05:00,Team Heretics,184.24
56,2025-10-07 23:28:10.856751+05:00,Gen.G,189.17
57,2025-10-07 23:28:20.869973+05:00,DRX,188.82
58,2025-10-07 23:28:30.884165+05:00,G2 Esports,191.97
59,2025-10-07 23:28:40.889598+05:00,Paper Rex,198.54
60,2025-10-07 23:28:50.495002+05:00,Sentinels,188.05
61,2025-10-07 23:29:00.502195+05:00,Bilibili Gaming,195.01
62,2025-10-07 23:29:10.512521+05:00,Team Heretics,197.23
63,2025-10-07 23:29:20.524589+05:00,FunPlus Phoenix,204.89
64,2025-10-07 23:29:30.532888+05:00,Sentinels,204.25
65,2025-10-07 23:29:40.549103+05:00,Team Vitality,211.07
66,2025-10-07 23:29:50.562748+05:00,FUT Esports,204.10
67,2025-10-07 23:30:00.566690+05:00,G2 Esports,197.51
68,2025-10-07 23:30:10.581812+05:00,Gen.G,199.57
69,2025-10-07 23:30:20.586728+05:00,FunPlus Phoenix,193.62
70,2025-10-07 23:30:30.592360+05:00,Sentinels,196.61
71,2025-10-07 23:30:40.608521+05:00,Sentinels,190.51
72,2025-10-07 23:30:50.622207+05:00,FNATIC,197.49
73,2025-10-07 23:31:00.628001+05:00,Gen.G,198.42
74,2025-10-07 23:31:10.641797+05:00,EDward Gaming,204.14
75,2025-10-07 23:31:20.657125+05:00,FUT Esports,206.95
76,2025-10-07 23:31:30.661264+05:00,LEVIATÁN,202.10
77,2025-10-07 23:31:40.663856+05:00,FunPlus Phoenix,205.77
78,2025-10-07 23:31:50.679905+05:00,LEVIATÁN,199.29
79,2025-10-07 23:32:00.698059+05:00,FunPlus Phoenix,198.75
80,2025-10-07 23:32:10.713886+05:00,LEVIATÁN,191.64
81,2025-10-07 23:32:20.717898+05:00,EDward Gaming,193.19
82,2025-10-07 23:32:30.722173+05:00,EDward Gaming,195.46
83,2025-10-07 23:32:40.726161+05:00,KRÜ Esports,196.79
84,2025-10-07 23:32:50.741987+05:00,FUT Esports,199.53
85,2025-10-07 23:33:00.746746+05:00,DRX,197.51
86,2025-10-07 23:33:10.753455+05:00,DRX,205.27
87,2025-10-07 23:33:20.766886+05:00,Team Heretics,210.88
88,2025-10-07 23:33:30.776438+05:00,EDward Gaming,217.28
89,2025-10-07 23:33:40.789190+05:00,KRÜ Esports,218.24
90,2025-10-07 23:33:50.805144+05:00,Paper Rex,212.98
91,2025-10-07 23:34:00.816987+05:00,Team Heretics,218.12
92,2025-10-07 23:34:10.831239+05:00,FNATIC,216.73
93,2025-10-07 23:34:20.834735+05:00,Team Heretics,219.09
94,2025-10-07 23:34:30.850076+05:00,KRÜ Esports,225.72
95,2025-10-07 23:34:40.859130+05:00,EDward Gaming,225.47
96,2025-10-07 23:34:50.863626+05:00,Sentinels,222.03
97,2025-10-07 23:35:00.880836+05:00,TALON,214.61
98,2025-10-07 23:35:10.895508+05:00,FUT Esports,207.94
99,2025-10-07 23:35:20.899520+05:00,KRÜ Esports,211.70
100,2025-10-07 23:35:30.914265+05:00,KRÜ Esports,204.53
101,2025-10-07 23:35:40.916843+05:00,EDward Gaming,199.55
102,2025-10-07 23:35:50.931805+05:00,TALON,199.09
103,2025-10-07 23:36:00.943520+05:00,Paper Rex,194.30
104,2025-10-07 23:36:10.946491+05:00,Sentinels,200.10
105,2025-10-07 23:36:20.951976+05:00,FUT Esports,198.30
106,2025-10-07 23:36:30.957568+05:00,Team Heretics,193.61
107,2025-10-07 23:36:40.966352+05:00,TALON,200.77
108,2025-10-07 23:36:50.981998+05:00,Team Vitality,204.87
109,2025-10-07 23:37:00.991198+05:00,Trace Esports,207.52
110,2025-10-07 23:37:10.997817+05:00,KRÜ Esports,214.85
111,2025-10-07 23:37:21.001024+05:00,Paper Rex,219.05
112,2025-10-07 23:37:31.003246+05:00,Gen.G,221.75
113,2025-10-07 23:37:41.010839+05:00,FunPlus Phoenix,226.23
114,2025-10-07 23:37:51.025012+05:00,TALON,229.14
115,2025-10-07 23:38:01.029790+05:00,Sentinels,223.77
116,2025-10-07 23:38:11.034981+05:00,Gen.G,218.72
117,2025-10-07 23:38:21.039315+05:00,KRÜ Esports,217.68
118,2025-10-07 23:38:31.051730+05:00,Team Vitality,214.20
119,2025-10-07 23:38:41.054712+05:00,Team Heretics,209.68
120,2025-10-07 23:38:51.063357+05:00,LEVIATÁN,208.83
121,2025-10-07 23:39:01.077762+05:00,Sentinels,209.61
122,2025-10-07 23:39:11.094303+05:00,KRÜ Esports,205.98
123,2025-10-07 23:39:21.102149+05:00,DRX,210.38
124,2025-10-07 23:39:31.117275+05:00,EDward Gaming,205.11
125,2025-10-07 23:39:41.133389+05:00,Sentinels,206.20
126,2025-10-07 23:39:51.146204+05:00,Paper Rex,212.07
127,2025-10-07 23:40:01.158124+05:00,FNATIC,211.73
128,2025-10-07 23:40:11.161534+05:00,Trace Esports,209.81
129,2025-10-07 23:40:21.165071+05:00,G2 Esports,216.00
130,2025-10-07 23:40:31.168894+05:00,Gen.G,214.31
131,2025-10-07 23:40:41.184435+05:00,Sentinels,210.73
132,2025-10-07 23:40:51.195407+05:00,Team Heretics,202.74
133,2025-10-07 23:41:01.208290+05:00,TALON,196.04
134,2025-10-07 23:41:11.223733+05:00,Sentinels,198.57
135,2025-10-07 23:41:21.231623+05:00,TALON,192.84
136,2025-10-07 23:41:31.237912+05:00,FunPlus Phoenix,190.63
137,2025-10-07 23:41:41.247292+05:00,TALON,188.98
138,2025-10-07 23:41:51.259782+05:00,G2 Esports,184.59
139,2025-10-07 23:42:01.269218+05:00,Sentinels,178.37
140,2025-10-07 23:42:11.281844+05:00,Sentinels,177.77
141,2025-10-07 23:42:21.292878+05:00,FUT Esports,179.25
142,2025-10-07 23:42:31.295373+05:00,Bilibili Gaming,183.96
143,2025-10-07 23:42:41.309914+05:00,Bilibili Gaming,190.67
144,2025-10-07 23:42:51.320444+05:00,DRX,190.12
145,2025-10-07 23:43:44.292677+05:00,TALON,241.19
146,2025-10-07 23:43:44.294078+05:00,LEVIATÁN,226.44
147,2025-10-07 23:43:44.294282+05:00,Gen.G,218.34
148,2025-10-07 23:43:44.294528+05:00,FUT Esports,264.78
149,2025-10-07 23:43:44.294756+05:00,EDward Gaming,250.77
150,2025-10-07 23:43:44.295030+05:00,FunPlus Phoenix,182.95
151,2025-10-07 23:43:44.295307+05:00,Trace Esports,253.98
152,2025-10-07 23:43:44.295532+05:00,G2 Esports,248.75
153,2025-10-07 23:43:44.295796+05:00,Paper Rex,243.64
154,2025-10-07 23:43:44.295992+05:00,KRÜ Esports,246.66
155,2025-10-07 23:43:44.296288+05:00,FNATIC,245.40
156,2025-10-07 23:43:44.296575+05:00,DRX,233.44
157,2025-10-07 23:43:44.296806+05:00,Team Heretics,193.69
158,2025-10-07 23:43:44.297009+05:00,Team Vitality,242.55
159,2025-10-07 23:43:44.297277+05:00,Sentinels,253.68
160,2025-10-07 23:43:44.297522+05:00,Bilibili Gaming,225.50
161,2025-10-07 23:43:54.310594+05:00,TALON,243.77
162,2025-10-07 23:43:54.311193+05:00,LEVIATÁN,220.13
163,2025-10-07 23:43:54.311527+05:00,Gen.G,224.88
164,2025-10-07 23:43:54.311819+05:00,FUT Esports,267.97
165,2025-10-07 23:43:54.312112+05:00,EDward Gaming,244.17
166,2025-10-07 23:43:54.312367+05:00,FunPlus Phoenix,175.17
167,2025-10-07 23:43:54.312650+05:00,Trace Esports,261.54
168,2025-10-07 23:43:54.312945+05:00,G2 Esports,256.40
169,2025-10-07 23:43:54.313238+05:00,Paper Rex,247.89
170,2025-10-07 23:43:54.313467+05:00,KRÜ Esports,252.36
171,2025-10-07 23:43:54.313689+05:00,FNATIC,249.46
172,2025-10-07 23:43:54.313930+05:00,DRX,237.93
173,2025-10-07 23:43:54.314178+05:00,Team Heretics,185.30
174,2025-10-07 23:43:54.314388+05:00,Team Vitality,235.97
175,2025-10-07 23:43:54.314627+05:00,Sentinels,252.88
176,2025-10-07 23:43:54.314850+05:00,Bilibili Gaming,225.23
177,2025-10-07 23:44:04.329883+05:00,TALON,243.99
178,2025-10-07 23:44:04.330535+05:00,LEVIATÁN,210.55
179,2025-10-07 23:44:04.330875+05:00,Gen.G,215.55
180,2025-10-07 23:44:04.331205+05:00,FUT Esports,261.89
181,2025-10-07 23:44:04.331576+05:00,EDward Gaming,247.70
182,2025-10-07 23:44:04.331852+05:00,FunPlus Phoenix,179.12
183,2025-10-07 23:44:04.332181+05:00,Trace Esports,254.32
184,2025-10-07 23:44:04.332463+05:00,G2 Esports,254.60
185,2025-10-07 23:44:04.332723+05:00,Paper Rex,239.98
186,2025-10-07 23:44:04.333026+05:00,KRÜ Esports,251.62
187,2025-10-07 23:44:04.333312+05:00,FNATIC,241.76
188,2025-10-07 23:44:04.333602+05:00,DRX,233.58
189,2025-10-07 23:44:04.333901+05:00,Team Heretics,189.37
190,2025-10-07 23:44:04.334184+05:00,Team Vitality,227.75
191,2025-10-07 23:44:04.334473+05:00,Sentinels,245.63
192,2025-10-07 23:44:04.334718+05:00,Bilibili Gaming,228.91
193,2025-10-07 23:44:14.345017+05:00,TALON,242.99
194,2025-10-07 23:44:14.347320+05:00,LEVIATÁN,209.97
195,2025-10-07 23:44:14.347614+05:00,Gen.G,222.18
196,2025-10-07 23:44:14.347850+05:00,FUT Esports,271.58
197,2025-10-07 23:44:14.348119+05:00,EDward Gaming,253.22
198,2025-10-07 23:44:14.348379+05:00,FunPlus Phoenix,176.43
199,2025-10-07 23:44:14.348612+05:00,Trace Esports,246.83
200,2025-10-07 23:44:14.348863+05:00,G2 Esports,251.21
201,2025-10-07 23:44:14.349123+05:00,Paper Rex,247.03
202,2025-10-07 23:44:14.349345+05:00,KRÜ Esports,255.45
203,2025-10-07 23:44:14.349579+05:00,FNATIC,244.50
204,2025-10-07 23:44:14.349805+05:00,DRX,229.91
205,2025-10-07 23:44:14.350046+05:00,Team Heretics,190.84
206,2025-10-07 23:44:14.350304+05:00,Team Vitality,225.35
207,2025-10-07 23:44:14.350552+05:00,Sentinels,240.64
208,2025-10-07 23:44:14.350778+05:00,Bilibili Gaming,234.37
209,2025-10-07 23:44:24.361715+05:00,TALON,239.81
210,2025-10-07 23:44:24.362322+05:00,LEVIATÁN,210.85
211,2025-10-07 23:44:24.362577+05:00,Gen.G,230.64
212,2025-10-07 23:44:24.362791+05:00,FUT Esports,271.18
213,2025-10-07 23:44:24.363006+05:00,EDward Gaming,248.49
214,2025-10-07 23:44:24.363229+05:00,FunPlus Phoenix,168.01
215,2025-10-07 23:44:24.363436+05:00,Trace Esports,252.11
216,2025-10-07 23:44:24.363650+05:00,G2 Esports,255.24
217,2025-10-07 23:44:24.363850+05:00,Paper Rex,243.04
218,2025-10-07 23:44:24.364054+05:00,KRÜ Esports,255.29
219,2025-10-07 23:44:24.364264+05:00,FNATIC,239.08
220,2025-10-07 23:44:24.364466+05:00,DRX,227.70
221,2025-10-07 23:44:24.364676+05:00,Team Heretics,200.67
222,2025-10-07 23:44:24.364906+05:00,Team Vitality,217.64
223,2025-10-07 23:44:24.365175+05:00,Sentinels,242.81
224,2025-10-07 23:44:24.365383+05:00,Bilibili Gaming,232.60
225,2025-10-07 23:44:34.370994+05:00,TALON,229.92
226,2025-10-07 23:44:34.371518+05:00,LEVIATÁN,202.28
227,2025-10-07 23:44:34.371795+05:00,Gen.G,222.90
228,2025-10-07 23:44:34.372060+05:00,FUT Esports,277.70
229,2025-10-07 23:44:34.372311+05:00,EDward Gaming,240.51
230,2025-10-07 23:44:34.372558+05:00,FunPlus Phoenix,161.02
231,2025-10-07 23:44:34.372794+05:00,Trace Esports,251.01
232,2025-10-07 23:44:34.373018+05:00,G2 Esports,257.13
233,2025-10-07 23:44:34.373255+05:00,Paper Rex,234.44
234,2025-10-07 23:44:34.373491+05:00,KRÜ Esports,247.24
235,2025-10-07 23:44:34.373733+05:00,FNATIC,245.35
236,2025-10-07 23:44:34.373951+05:00,DRX,227.42
237,2025-10-07 23:44:34.374160+05:00,Team Heretics,198.23
238,2025-10-07 23:44:34.374379+05:00,Team Vitality,209.52
239,2025-10-07 23:44:34.374681+05:00,Sentinels,250.95
240,2025-10-07 23:44:34.374943+05:00,Bilibili Gaming,223.61
241,2025-10-07 23:44:44.381692+05:00,TALON,229.85
242,2025-10-07 23:44:44.383787+05:00,LEVIATÁN,198.36
243,2025-10-07 23:44:44.384117+05:00,Gen.G,224.64
244,2025-10-07 23:44:44.384438+05:00,FUT Esports,285.50
245,2025-10-07 23:44:44.384723+05:00,EDward Gaming,241.61
246,2025-10-07 23:44:44.384961+05:00,FunPlus Phoenix,159.23
247,2025-10-07 23:44:44.385283+05:00,Trace Esports,241.35
248,2025-10-07 23:44:44.385657+05:00,G2 Esports,255.95
249,2025-10-07 23:44:44.385908+05:00,Paper Rex,240.34
250,2025-10-07 23:44:44.386381+05:00,KRÜ Esports,241.89
251,2025-10-07 23:44:44.386634+05:00,FNATIC,241.10
252,2025-10-07 23:44:44.386988+05:00,DRX,237.30
253,2025-10-07 23:44:44.387248+05:00,Team Heretics,197.18
254,2025-10-07 23:44:44.387507+05:00,Team Vitality,202.78
255,2025-10-07 23:44:44.387768+05:00,Sentinels,247.96
256,2025-10-07 23:44:44.388012+05:00,Bilibili Gaming,218.12
257,2025-10-07 23:44:54.392708+05:00,TALON,222.90
258,2025-10-07 23:44:54.396496+05:00,LEVIATÁN,205.78
259,2025-10-07 23:44:54.396947+05:00,Gen.G,223.41
260,2025-10-07 23:44:54.397268+05:00,FUT Esports,278.43
261,2025-10-07 23:44:54.397604+05:00,EDward Gaming,249.36
262,2025-10-07 23:44:54.397886+05:00,FunPlus Phoenix,149.71
263,2025-10-07 23:44:54.398167+05:00,Trace Esports,250.86
264,2025-10-07 23:44:54.398461+05:00,G2 Esports,250.65
265,2025-10-07 23:44:54.398763+05:00,Paper Rex,242.07
266,2025-10-07 23:44:54.399077+05:00,KRÜ Esports,239.93
267,2025-10-07 23:44:54.399355+05:00,FNATIC,234.75
268,2025-10-07 23:44:54.399649+05:00,DRX,242.03
269,2025-10-07 23:44:54.399948+05:00,Team Heretics,202.19
270,2025-10-07 23:44:54.400228+05:00,Team Vitality,204.92
271,2025-10-07 23:44:54.400505+05:00,Sentinels,251.81
272,2025-10-07 23:44:54.400818+05:00,Bilibili Gaming,208.97
273,2025-10-07 23:45:04.408205+05:00,TALON,218.81
274,2025-10-07 23:45:04.410238+05:00,LEVIATÁN,207.37
275,2025-10-07 23:45:04.410510+05:00,Gen.G,225.31
276,2025-10-07 23:45:04.410807+05:00,FUT Esports,271.53
277,2025-10-07 23:45:04.411139+05:00,EDward Gaming,239.43
278,2025-10-07 23:45:04.411414+05:00,FunPlus Phoenix,158.37
279,2025-10-07 23:45:04.411689+05:00,Trace Esports,257.27
280,2025-10-07 23:45:04.411950+05:00,G2 Esports,247.72
281,2025-10-07 23:45:04.412158+05:00,Paper Rex,238.96
282,2025-10-07 23:45:04.412365+05:00,KRÜ Esports,232.96
283,2025-10-07 23:45:04.412590+05:00,FNATIC,226.80
284,2025-10-07 23:45:04.412823+05:00,DRX,249.57
285,2025-10-07 23:45:04.413032+05:00,Team Heretics,209.99
286,2025-10-07 23:45:04.413239+05:00,Team Vitality,200.73
287,2025-10-07 23:45:04.413446+05:00,Sentinels,251.48
288,2025-10-07 23:45:04.413663+05:00,Bilibili Gaming,215.14
289,2025-10-07 23:45:14.415082+05:00,TALON,221.85
290,2025-10-07 23:45:14.417861+05:00,LEVIATÁN,208.20
291,2025-10-07 23:45:14.418250+05:00,Gen.G,233.65
292,2025-10-07 23:45:14.418629+05:00,FUT Esports,281.10
293,2025-10-07 23:45:14.418939+05:00,EDward Gaming,235.61
294,2025-10-07 23:45:14.419243+05:00,FunPlus Phoenix,153.27
295,2025-10-07 23:45:14.419539+05:00,Trace Esports,250.94
296,2025-10-07 23:45:14.419874+05:00,G2 Esports,255.22
297,2025-10-07 23:45:14.420172+05:00,Paper Rex,242.36
298,2025-10-07 23:45:14.420479+05:00,KRÜ Esports,239.36
299,2025-10-07 23:45:14.420762+05:00,FNATIC,218.13
300,2025-10-07 23:45:14.421044+05:00,DRX,254.76
301,2025-10-07 23:45:14.421340+05:00,Team Heretics,218.65
302,2025-10-07 23:45:14.421709+05:00,Team Vitality,205.03
303,2025-10-07 23:45:14.422079+05:00,Sentinels,257.23
304,2025-10-07 23:45:14.422367+05:00,Bilibili Gaming,224.71
305,2025-10-07 23:45:24.423816+05:00,TALON,220.70
306,2025-10-07 23:45:24.424588+05:00,LEVIATÁN,207.84
307,2025-10-07 23:45:24.424911+05:00,Gen.G,237.65
308,2025-10-07 23:45:24.425267+05:00,FUT Esports,278.84
309,2025-10-07 23:45:24.425577+05:00,EDward Gaming,237.04
310,2025-10-07 23:45:24.425864+05:00,FunPlus Phoenix,153.09
311,2025-10-07 23:45:24.426149+05:00,Trace Esports,247.19
312,2025-10-07 23:45:24.426434+05:00,G2 Esports,249.41
313,2025-10-07 23:45:24.426729+05:00,Paper Rex,247.59
314,2025-10-07 23:45:24.427019+05:00,KRÜ Esports,248.32
315,2025-10-07 23:45:24.427302+05:00,FNATIC,217.80
316,2025-10-07 23:45:24.427634+05:00,DRX,262.01
317,2025-10-07 23:45:24.427936+05:00,Team Heretics,209.96
318,2025-10-07 23:45:24.428240+05:00,Team Vitality,208.76
319,2025-10-07 23:45:24.428525+05:00,Sentinels,265.36
320,2025-10-07 23:45:24.428831+05:00,Bilibili Gaming,228.82
321,2025-10-07 23:45:34.434340+05:00,TALON,224.30
322,2025-10-07 23:45:34.434789+05:00,LEVIATÁN,211.78
323,2025-10-07 23:45:34.435065+05:00,Gen.G,247.25
324,2025-10-07 23:45:34.435336+05:00,FUT Esports,280.65
325,2025-10-07 23:45:34.435566+05:00,EDward Gaming,233.33
326,2025-10-07 23:45:34.435798+05:00,FunPlus Phoenix,146.69
327,2025-10-07 23:45:34.436024+05:00,Trace Esports,254.09
328,2025-10-07 23:45:34.436233+05:00,G2 Esports,258.33
329,2025-10-07 23:45:34.436438+05:00,Paper Rex,243.27
330,2025-10-07 23:45:34.436656+05:00,KRÜ Esports,246.85
331,2025-10-07 23:45:34.436872+05:00,FNATIC,214.95
332,2025-10-07 23:45:34.437079+05:00,DRX,267.13
333,2025-10-07 23:45:34.437279+05:00,Team Heretics,219.37
334,2025-10-07 23:45:34.437480+05:00,Team Vitality,205.37
335,2025-10-07 23:45:34.437680+05:00,Sentinels,265.73
336,2025-10-07 23:45:34.437886+05:00,Bilibili Gaming,233.77
337,2025-10-07 23:45:44.447292+05:00,TALON,227.04
338,2025-10-07 23:45:44.449525+05:00,LEVIATÁN,210.40
339,2025-10-07 23:45:44.449891+05:00,Gen.G,239.28
340,2025-10-07 23:45:44.450185+05:00,FUT Esports,275.86
341,2025-10-07 23:45:44.450483+05:00,EDward Gaming,224.20
342,2025-10-07 23:45:44.450771+05:00,FunPlus Phoenix,139.85
343,2025-10-07 23:45:44.451055+05:00,Trace Esports,245.93
344,2025-10-07 23:45:44.451357+05:00,G2 Esports,260.02
345,2025-10-07 23:45:44.451666+05:00,Paper Rex,238.41
346,2025-10-07 23:45:44.451954+05:00,KRÜ Esports,248.15
347,2025-10-07 23:45:44.452241+05:00,FNATIC,222.66
348,2025-10-07 23:45:44.452537+05:00,DRX,266.32
349,2025-10-07 23:45:44.452842+05:00,Team Heretics,219.38
350,2025-10-07 23:45:44.453212+05:00,Team Vitality,196.82
351,2025-10-07 23:45:44.453553+05:00,Sentinels,265.97
352,2025-10-07 23:45:44.453844+05:00,Bilibili Gaming,237.17
353,2025-10-07 23:45:54.454444+05:00,TALON,217.62
354,2025-10-07 23:45:54.456485+05:00,LEVIATÁN,202.41
355,2025-10-07 23:45:54.456925+05:00,Gen.G,246.94
356,2025-10-07 23:45:54.457277+05:00,FUT Esports,270.77
357,2025-10-07 23:45:54.457576+05:00,EDward Gaming,225.47
358,2025-10-07 23:45:54.457908+05:00,FunPlus Phoenix,132.92
359,2025-10-07 23:45:54.458218+05:00,Trace Esports,242.63
360,2025-10-07 23:45:54.458533+05:00,G2 Esports,256.16
361,2025-10-07 23:45:54.458943+05:00,Paper Rex,238.65
362,2025-10-07 23:45:54.459293+05:00,KRÜ Esports,242.82
363,2025-10-07 23:45:54.459601+05:00,FNATIC,213.20
364,2025-10-07 23:45:54.459895+05:00,DRX,262.90
365,2025-10-07 23:45:54.460192+05:00,Team Heretics,218.27
366,2025-10-07 23:45:54.460479+05:00,Team Vitality,198.71
367,2025-10-07 23:45:54.460765+05:00,Sentinels,258.80
368,2025-10-07 23:45:54.461028+05:00,Bilibili Gaming,237.51
369,2025-10-07 23:46:04.466067+05:00,TALON,216.14
370,2025-10-07 23:46:04.466785+05:00,LEVIATÁN,196.48
371,2025-10-07 23:46:04.467133+05:00,Gen.G,249.23
372,2025-10-07 23:46:04.467453+05:00,FUT Esports,263.31
373,2025-10-07 23:46:04.468025+05:00,EDward Gaming,222.13
374,2025-10-07 23:46:04.468347+05:00,FunPlus Phoenix,126.23
375,2025-10-07 23:46:04.468635+05:00,Trace Esports,244.70
376,2025-10-07 23:46:04.468915+05:00,G2 Esports,256.76
377,2025-10-07 23:46:04.469257+05:00,Paper Rex,244.33
378,2025-10-07 23:46:04.469581+05:00,KRÜ Esports,247.20
379,2025-10-07 23:46:04.469898+05:00,FNATIC,215.62
380,2025-10-07 23:46:04.470214+05:00,DRX,268.22
381,2025-10-07 23:46:04.470560+05:00,Team Heretics,210.75
382,2025-10-07 23:46:04.470925+05:00,Team Vitality,195.19
383,2025-10-07 23:46:04.471270+05:00,Sentinels,266.86
384,2025-10-07 23:46:04.471636+05:00,Bilibili Gaming,229.47
385,2025-10-07 23:46:14.477333+05:00,TALON,224.55
386,2025-10-07 23:46:14.479232+05:00,LEVIATÁN,205.43
387,2025-10-07 23:46:14.479560+05:00,Gen.G,241.74
388,2025-10-07 23:46:14.479813+05:00,FUT Esports,262.39
389,2025-10-07 23:46:14.480072+05:00,EDward Gaming,223.11
390,2025-10-07 23:46:14.480304+05:00,FunPlus Phoenix,123.64
391,2025-10-07 23:46:14.480572+05:00,Trace Esports,236.49
392,2025-10-07 23:46:14.480826+05:00,G2 Esports,254.99
393,2025-10-07 23:46:14.481036+05:00,Paper Rex,236.37
394,2025-10-07 23:46:14.481241+05:00,KRÜ Esports,256.80
395,2025-10-07 23:46:14.481459+05:00,FNATIC,209.64
396,2025-10-07 23:46:14.481696+05:00,DRX,269.45
397,2025-10-07 23:46:14.481902+05:00,Team Heretics,216.42
398,2025-10-07 23:46:14.482107+05:00,Team Vitality,186.46
399,2025-10-07 23:46:14.482312+05:00,Sentinels,273.89
400,2025-10-07 23:46:14.482518+05:00,Bilibili Gaming,232.44
401,2025-10-07 23:46:24.483768+05:00,TALON,233.84
402,2025-10-07 23:46:24.484276+05:00,LEVIATÁN,204.27
403,2025-10-07 23:46:24.484543+05:00,Gen.G,250.37
404,2025-10-07 23:46:24.484789+05:00,FUT Esports,261.41
405,2025-10-07 23:46:24.485019+05:00,EDward Gaming,221.63
406,2025-10-07 23:46:24.485244+05:00,FunPlus Phoenix,124.53
407,2025-10-07 23:46:24.485480+05:00,Trace Esports,240.87
408,2025-10-07 23:46:24.485712+05:00,G2 Esports,254.39
409,2025-10-07 23:46:24.487223+05:00,Paper Rex,241.67
410,2025-10-07 23:46:24.487501+05:00,KRÜ Esports,253.77
411,2025-10-07 23:46:24.487751+05:00,FNATIC,215.75
412,2025-10-07 23:46:24.487979+05:00,DRX,273.43
413,2025-10-07 23:46:24.488269+05:00,Team Heretics,222.08
414,2025-10-07 23:46:24.488544+05:00,Team Vitality,180.61
415,2025-10-07 23:46:24.488778+05:00,Sentinels,264.91
416,2025-10-07 23:46:24.489029+05:00,Bilibili Gaming,239.64
417,2025-10-07 23:46:34.493460+05:00,TALON,225.29
418,2025-10-07 23:46:34.494192+05:00,LEVIATÁN,212.13
419,2025-10-07 23:46:34.494535+05:00,Gen.G,258.59
420,2025-10-07 23:46:34.494846+05:00,FUT Esports,265.34
421,2025-10-07 23:46:34.495136+05:00,EDward Gaming,215.83
422,2025-10-07 23:46:34.495504+05:00,FunPlus Phoenix,123.66
423,2025-10-07 23:46:34.495843+05:00,Trace Esports,232.82
424,2025-10-07 23:46:34.496199+05:00,G2 Esports,261.31
425,2025-10-07 23:46:34.496608+05:00,Paper Rex,243.18
426,2025-10-07 23:46:34.496976+05:00,KRÜ Esports,259.65
427,2025-10-07 23:46:34.497291+05:00,FNATIC,215.35
428,2025-10-07 23:46:34.497589+05:00,DRX,273.12
429,2025-10-07 23:46:34.497973+05:00,Team Heretics,215.09
430,2025-10-07 23:46:34.498325+05:00,Team Vitality,177.86
431,2025-10-07 23:46:34.498612+05:00,Sentinels,261.49
432,2025-10-07 23:46:34.498920+05:00,Bilibili Gaming,249.62
433,2025-10-07 23:46:44.508768+05:00,TALON,231.42
434,2025-10-07 23:46:44.509549+05:00,LEVIATÁN,212.67
435,2025-10-07 23:46:44.509885+05:00,Gen.G,265.65
436,2025-10-07 23:46:44.510191+05:00,FUT Esports,274.35
437,2025-10-07 23:46:44.510492+05:00,EDward Gaming,222.35
438,2025-10-07 23:46:44.510829+05:00,FunPlus Phoenix,130.97
439,2025-10-07 23:46:44.511133+05:00,Trace Esports,240.39
440,2025-10-07 23:46:44.511426+05:00,G2 Esports,257.07
441,2025-10-07 23:46:44.511712+05:00,Paper Rex,246.97
442,2025-10-07 23:46:44.512017+05:00,KRÜ Esports,263.37
443,2025-10-07 23:46:44.512350+05:00,FNATIC,206.23
444,2025-10-07 23:46:44.512639+05:00,DRX,267.06
445,2025-10-07 23:46:44.512924+05:00,Team Heretics,220.54
446,2025-10-07 23:46:44.513247+05:00,Team Vitality,168.66
447,2025-10-07 23:46:44.513547+05:00,Sentinels,259.82
448,2025-10-07 23:46:44.513835+05:00,Bilibili Gaming,253.61
449,2025-10-07 23:46:54.523996+05:00,TALON,229.23
450,2025-10-07 23:46:54.526080+05:00,LEVIATÁN,222.52
451,2025-10-07 23:46:54.526384+05:00,Gen.G,260.65
452,2025-10-07 23:46:54.526680+05:00,FUT Esports,274.00
453,2025-10-07 23:46:54.526973+05:00,EDward Gaming,214.00
454,2025-10-07 23:46:54.527260+05:00,FunPlus Phoenix,130.52
455,2025-10-07 23:46:54.527551+05:00,Trace Esports,235.66
456,2025-10-07 23:46:54.527854+05:00,G2 Esports,247.42
457,2025-10-07 23:46:54.528162+05:00,Paper Rex,256.53
458,2025-10-07 23:46:54.528457+05:00,KRÜ Esports,267.27
459,2025-10-07 23:46:54.528817+05:00,FNATIC,205.96
460,2025-10-07 23:46:54.529219+05:00,DRX,272.61
461,2025-10-07 23:46:54.529567+05:00,Team Heretics,226.12
462,2025-10-07 23:46:54.529942+05:00,Team Vitality,169.81
463,2025-10-07 23:46:54.530227+05:00,Sentinels,268.59
464,2025-10-07 23:46:54.530516+05:00,Bilibili Gaming,260.08
465,2025-10-07 23:47:04.536929+05:00,TALON,224.50
466,2025-10-07 23:47:04.538954+05:00,LEVIATÁN,213.06
467,2025-10-07 23:47:04.539371+05:00,Gen.G,258.93
468,2025-10-07 23:47:04.539864+05:00,FUT Esports,277.66
469,2025-10-07 23:47:04.540334+05:00,EDward Gaming,218.91
470,2025-10-07 23:47:04.540621+05:00,FunPlus Phoenix,120.57
471,2025-10-07 23:47:04.540967+05:00,Trace Esports,243.63
472,2025-10-07 23:47:04.541357+05:00,G2 Esports,244.63
473,2025-10-07 23:47:04.541832+05:00,Paper Rex,259.29
474,2025-10-07 23:47:04.542315+05:00,KRÜ Esports,264.98
475,2025-10-07 23:47:04.542673+05:00,FNATIC,208.85
476,2025-10-07 23:47:04.542989+05:00,DRX,267.45
477,2025-10-07 23:47:04.543280+05:00,Team Heretics,230.04
478,2025-10-07 23:47:04.543599+05:00,Team Vitality,169.19
479,2025-10-07 23:47:04.543880+05:00,Sentinels,264.22
480,2025-10-07 23:47:04.544167+05:00,Bilibili Gaming,262.03
481,2025-10-07 23:47:14.557999+05:00,TALON,225.82
482,2025-10-07 23:47:14.560229+05:00,LEVIATÁN,212.04
483,2025-10-07 23:47:14.560601+05:00,Gen.G,254.06
484,2025-10-07 23:47:14.560922+05:00,FUT Esports,271.98
485,2025-10-07 23:47:14.561237+05:00,EDward Gaming,218.89
486,2025-10-07 23:47:14.561525+05:00,FunPlus Phoenix,127.64
487,2025-10-07 23:47:14.561804+05:00,Trace Esports,247.84
488,2025-10-07 23:47:14.562119+05:00,G2 Esports,240.64
489,2025-10-07 23:47:14.562423+05:00,Paper Rex,260.69
490,2025-10-07 23:47:14.562734+05:00,KRÜ Esports,263.36
491,2025-10-07 23:47:14.563030+05:00,FNATIC,211.95
492,2025-10-07 23:47:14.563331+05:00,DRX,269.01
493,2025-10-07 23:47:14.563633+05:00,Team Heretics,234.56
494,2025-10-07 23:47:14.563915+05:00,Team Vitality,178.09
495,2025-10-07 23:47:14.564195+05:00,Sentinels,262.19
496,2025-10-07 23:47:14.564710+05:00,Bilibili Gaming,261.49
497,2025-10-07 23:47:24.575023+05:00,TALON,228.47
498,2025-10-07 23:47:24.577009+05:00,LEVIATÁN,221.78
499,2025-10-07 23:47:24.577383+05:00,Gen.G,263.60
500,2025-10-07 23:47:24.577733+05:00,FUT Esports,265.74
501,2025-10-07 23:47:24.578125+05:00,EDward Gaming,219.92
502,2025-10-07 23:47:24.578457+05:00,FunPlus Phoenix,118.71
503,2025-10-07 23:47:24.578789+05:00,Trace Esports,254.92
504,2025-10-07 23:47:24.579284+05:00,G2 Esports,243.72
505,2025-10-07 23:47:24.579671+05:00,Paper Rex,270.02
506,2025-10-07 23:47:24.580040+05:00,KRÜ Esports,269.37
507,2025-10-07 23:47:24.580387+05:00,FNATIC,218.44
508,2025-10-07 23:47:24.580670+05:00,DRX,260.06
509,2025-10-07 23:47:24.580954+05:00,Team Heretics,232.51
510,2025-10-07 23:47:24.581286+05:00,Team Vitality,172.18
511,2025-10-07 23:47:24.581632+05:00,Sentinels,262.44
512,2025-10-07 23:47:24.581978+05:00,Bilibili Gaming,254.77
513,2025-10-07 23:47:34.589010+05:00,TALON,231.65
514,2025-10-07 23:47:34.591247+05:00,LEVIATÁN,223.56
515,2025-10-07 23:47:34.591710+05:00,Gen.G,272.82
516,2025-10-07 23:47:34.592023+05:00,FUT Esports,268.68
517,2025-10-07 23:47:34.592336+05:00,EDward Gaming,213.01
518,2025-10-07 23:47:34.592625+05:00,FunPlus Phoenix,119.49
519,2025-10-07 23:47:34.592912+05:00,Trace Esports,263.90
520,2025-10-07 23:47:34.593210+05:00,G2 Esports,243.75
521,2025-10-07 23:47:34.593512+05:00,Paper Rex,276.83
522,2025-10-07 23:47:34.593818+05:00,KRÜ Esports,270.00
523,2025-10-07 23:47:34.594100+05:00,FNATIC,223.51
524,2025-10-07 23:47:34.594397+05:00,DRX,266.37
525,2025-10-07 23:47:34.594759+05:00,Team Heretics,228.35
526,2025-10-07 23:47:34.595044+05:00,Team Vitality,178.33
527,2025-10-07 23:47:34.595327+05:00,Sentinels,258.71
528,2025-10-07 23:47:34.595623+05:00,Bilibili Gaming,247.24
529,2025-10-07 23:47:44.607276+05:00,TALON,238.28
530,2025-10-07 23:47:44.609145+05:00,LEVIATÁN,232.82
531,2025-10-07 23:47:44.609536+05:00,Gen.G,270.01
532,2025-10-07 23:47:44.609905+05:00,FUT Esports,259.67
533,2025-10-07 23:47:44.610223+05:00,EDward Gaming,215.95
534,2025-10-07 23:47:44.610515+05:00,FunPlus Phoenix,123.06
535,2025-10-07 23:47:44.610795+05:00,Trace Esports,273.83
536,2025-10-07 23:47:44.611120+05:00,G2 Esports,239.68
537,2025-10-07 23:47:44.611474+05:00,Paper Rex,272.35
538,2025-10-07 23:47:44.611767+05:00,KRÜ Esports,263.54
539,2025-10-07 23:47:44.612099+05:00,FNATIC,219.22
540,2025-10-07 23:47:44.612470+05:00,DRX,263.70
541,2025-10-07 23:47:44.613005+05:00,Team Heretics,233.73
542,2025-10-07 23:47:44.613291+05:00,Team Vitality,174.32
543,2025-10-07 23:47:44.613579+05:00,Sentinels,263.07
544,2025-10-07 23:47:44.613866+05:00,Bilibili Gaming,237.78
545,2025-10-07 23:47:54.625865+05:00,TALON,240.41
546,2025-10-07 23:47:54.627381+05:00,LEVIATÁN,238.75
547,2025-10-07 23:47:54.627617+05:00,Gen.G,269.23
548,2025-10-07 23:47:54.627833+05:00,FUT Esports,254.75
549,2025-10-07 23:47:54.628053+05:00,EDward Gaming,217.76
550,2025-10-07 23:47:54.628298+05:00,FunPlus Phoenix,124.31
551,2025-10-07 23:47:54.628519+05:00,Trace Esports,279.62
552,2025-10-07 23:47:54.628735+05:00,G2 Esports,247.30
553,2025-10-07 23:47:54.628948+05:00,Paper Rex,263.44
554,2025-10-07 23:47:54.629168+05:00,KRÜ Esports,256.61
555,2025-10-07 23:47:54.629399+05:00,FNATIC,226.25
556,2025-10-07 23:47:54.629671+05:00,DRX,261.56
557,2025-10-07 23:47:54.629887+05:00,Team Heretics,239.04
558,2025-10-07 23:47:54.630098+05:00,Team Vitality,183.17
559,2025-10-07 23:47:54.630317+05:00,Sentinels,265.95
560,2025-10-07 23:47:54.630544+05:00,Bilibili Gaming,229.84
561,2025-10-07 23:48:04.635949+05:00,TALON,240.60
562,2025-10-07 23:48:04.638040+05:00,LEVIATÁN,229.24
563,2025-10-07 23:48:04.638510+05:00,Gen.G,278.33
564,2025-10-07 23:48:04.638940+05:00,FUT Esports,261.32
565,2025-10-07 23:48:04.639266+05:00,EDward Gaming,216.89
566,2025-10-07 23:48:04.639558+05:00,FunPlus Phoenix,129.27
567,2025-10-07 23:48:04.639860+05:00,Trace Esports,282.46
568,2025-10-07 23:48:04.640191+05:00,G2 Esports,239.80
569,2025-10-07 23:48:04.640503+05:00,Paper Rex,272.21
570,2025-10-07 23:48:04.640795+05:00,KRÜ Esports,258.60
571,2025-10-07 23:48:04.641093+05:00,FNATIC,229.77
572,2025-10-07 23:48:04.641374+05:00,DRX,270.66
573,2025-10-07 23:48:04.641668+05:00,Team Heretics,248.75
574,2025-10-07 23:48:04.641992+05:00,Team Vitality,192.10
575,2025-10-07 23:48:04.642353+05:00,Sentinels,257.08
576,2025-10-07 23:48:04.642655+05:00,Bilibili Gaming,238.52
577,2025-10-07 23:48:14.656342+05:00,TALON,242.79
578,2025-10-07 23:48:14.658712+05:00,LEVIATÁN,221.39
579,2025-10-07 23:48:14.659278+05:00,Gen.G,278.21
580,2025-10-07 23:48:14.659628+05:00,FUT Esports,252.00
581,2025-10-07 23:48:14.659935+05:00,EDward Gaming,224.28
582,2025-10-07 23:48:14.660223+05:00,FunPlus Phoenix,135.36
583,2025-10-07 23:48:14.660506+05:00,Trace Esports,279.95
584,2025-10-07 23:48:14.660807+05:00,G2 Esports,237.53
585,2025-10-07 23:48:14.661104+05:00,Paper Rex,280.12
586,2025-10-07 23:48:14.661391+05:00,KRÜ Esports,249.25
587,2025-10-07 23:48:14.661675+05:00,FNATIC,222.63
588,2025-10-07 23:48:14.661975+05:00,DRX,260.97
589,2025-10-07 23:48:14.662270+05:00,Team Heretics,248.47
590,2025-10-07 23:48:14.662558+05:00,Team Vitality,201.65
591,2025-10-07 23:48:14.662861+05:00,Sentinels,247.28
592,2025-10-07 23:48:14.663166+05:00,Bilibili Gaming,238.47
593,2025-10-07 23:48:24.671971+05:00,TALON,252.59
594,2025-10-07 23:48:24.674624+05:00,LEVIATÁN,227.98
595,2025-10-07 23:48:24.675168+05:00,Gen.G,268.79
596,2025-10-07 23:48:24.675702+05:00,FUT Esports,258.71
597,2025-10-07 23:48:24.676060+05:00,EDward Gaming,222.50
598,2025-10-07 23:48:24.676384+05:00,FunPlus Phoenix,145.12
599,2025-10-07 23:48:24.676680+05:00,Trace Esports,287.56
600,2025-10-07 23:48:24.676967+05:00,G2 Esports,238.75
601,2025-10-07 23:48:24.677255+05:00,Paper Rex,285.75
602,2025-10-07 23:48:24.677539+05:00,KRÜ Esports,256.41
603,2025-10-07 23:48:24.677831+05:00,FNATIC,214.98
604,2025-10-07 23:48:24.678116+05:00,DRX,268.11
605,2025-10-07 23:48:24.678426+05:00,Team Heretics,248.85
606,2025-10-07 23:48:24.678712+05:00,Team Vitality,196.32
607,2025-10-07 23:48:24.679014+05:00,Sentinels,243.66
608,2025-10-07 23:48:24.679339+05:00,Bilibili Gaming,237.95
609,2025-10-07 23:48:34.690570+05:00,TALON,257.99
610,2025-10-07 23:48:34.691068+05:00,LEVIATÁN,229.40
611,2025-10-07 23:48:34.691305+05:00,Gen.G,278.78
612,2025-10-07 23:48:34.691526+05:00,FUT Esports,263.59
613,2025-10-07 23:48:34.691757+05:00,EDward Gaming,224.30
614,2025-10-07 23:48:34.691966+05:00,FunPlus Phoenix,146.29
615,2025-10-07 23:48:34.692221+05:00,Trace Esports,286.26
616,2025-10-07 23:48:34.692426+05:00,G2 Esports,240.39
617,2025-10-07 23:48:34.692644+05:00,Paper Rex,283.99
618,2025-10-07 23:48:34.692873+05:00,KRÜ Esports,259.67
619,2025-10-07 23:48:34.693213+05:00,FNATIC,214.94
620,2025-10-07 23:48:34.693421+05:00,DRX,264.49
621,2025-10-07 23:48:34.693629+05:00,Team Heretics,238.95
622,2025-10-07 23:48:34.693849+05:00,Team Vitality,198.32
623,2025-10-07 23:48:34.694057+05:00,Sentinels,239.96
624,2025-10-07 23:48:34.694263+05:00,Bilibili Gaming,231.52
625,2025-10-07 23:48:44.699580+05:00,TALON,266.62
626,2025-10-07 23:48:44.701587+05:00,LEVIATÁN,219.81
627,2025-10-07 23:48:44.701973+05:00,Gen.G,274.48
628,2025-10-07 23:48:44.702359+05:00,FUT Esports,257.24
629,2025-10-07 23:48:44.702715+05:00,EDward Gaming,227.26
630,2025-10-07 23:48:44.703005+05:00,FunPlus Phoenix,143.09
631,2025-10-07 23:48:44.703292+05:00,Trace Esports,285.07
632,2025-10-07 23:48:44.703586+05:00,G2 Esports,241.07
633,2025-10-07 23:48:44.703893+05:00,Paper Rex,279.23
634,2025-10-07 23:48:44.704212+05:00,KRÜ Esports,265.06
635,2025-10-07 23:48:44.704496+05:00,FNATIC,224.69
636,2025-10-07 23:48:44.704899+05:00,DRX,272.25
637,2025-10-07 23:48:44.705335+05:00,Team Heretics,240.33
638,2025-10-07 23:48:44.705713+05:00,Team Vitality,203.99
639,2025-10-07 23:48:44.705994+05:00,Sentinels,241.16
640,2025-10-07 23:48:44.706296+05:00,Bilibili Gaming,227.92
641,2025-10-07 23:48:54.714639+05:00,TALON,274.34
642,2025-10-07 23:48:54.716411+05:00,LEVIATÁN,223.51
643,2025-10-07 23:48:54.716722+05:00,Gen.G,271.63
644,2025-10-07 23:48:54.716989+05:00,FUT Esports,260.98
645,2025-10-07 23:48:54.717218+05:00,EDward Gaming,230.38
646,2025-10-07 23:48:54.717431+05:00,FunPlus Phoenix,147.84
647,2025-10-07 23:48:54.717646+05:00,Trace Esports,283.58
648,2025-10-07 23:48:54.717852+05:00,G2 Esports,242.72
649,2025-10-07 23:48:54.718062+05:00,Paper Rex,281.66
650,2025-10-07 23:48:54.718271+05:00,KRÜ Esports,262.20
651,2025-10-07 23:48:54.718474+05:00,FNATIC,230.59
652,2025-10-07 23:48:54.718684+05:00,DRX,276.62
653,2025-10-07 23:48:54.718944+05:00,Team Heretics,242.33
654,2025-10-07 23:48:54.719254+05:00,Team Vitality,211.85
655,2025-10-07 23:48:54.719561+05:00,Sentinels,235.85
656,2025-10-07 23:48:54.719818+05:00,Bilibili Gaming,227.45
657,2025-10-07 23:49:04.732905+05:00,TALON,266.95
658,2025-10-07 23:49:04.734773+05:00,LEVIATÁN,233.00
659,2025-10-07 23:49:04.735073+05:00,Gen.G,280.06
660,2025-10-07 23:49:04.735311+05:00,FUT Esports,263.56
661,2025-10-07 23:49:04.735556+05:00,EDward Gaming,229.93
662,2025-10-07 23:49:04.735797+05:00,FunPlus Phoenix,150.79
663,2025-10-07 23:49:04.736020+05:00,Trace Esports,277.64
664,2025-10-07 23:49:04.736273+05:00,G2 Esports,242.28
665,2025-10-07 23:49:04.736557+05:00,Paper Rex,280.07
666,2025-10-07 23:49:04.736838+05:00,KRÜ Esports,265.39
667,2025-10-07 23:49:04.737098+05:00,FNATIC,230.86
668,2025-10-07 23:49:04.737398+05:00,DRX,277.96
669,2025-10-07 23:49:04.737727+05:00,Team Heretics,235.76
670,2025-10-07 23:49:04.738016+05:00,Team Vitality,205.84
671,2025-10-07 23:49:04.738281+05:00,Sentinels,231.14
672,2025-10-07 23:49:04.738533+05:00,Bilibili Gaming,235.36
673,2025-10-07 23:49:14.753374+05:00,TALON,269.74
674,2025-10-07 23:49:14.755248+05:00,LEVIATÁN,236.46
675,2025-10-07 23:49:14.755640+05:00,Gen.G,287.68
676,2025-10-07 23:49:14.756135+05:00,FUT Esports,260.60
677,2025-10-07 23:49:14.756469+05:00,EDward Gaming,235.42
678,2025-10-07 23:49:14.756772+05:00,FunPlus Phoenix,142.97
679,2025-10-07 23:49:14.757101+05:00,Trace Esports,273.33
680,2025-10-07 23:49:14.757389+05:00,G2 Esports,251.22
681,2025-10-07 23:49:14.757810+05:00,Paper Rex,284.67
682,2025-10-07 23:49:14.758236+05:00,KRÜ Esports,257.07
683,2025-10-07 23:49:14.758601+05:00,FNATIC,234.91
684,2025-10-07 23:49:14.759007+05:00,DRX,283.77
685,2025-10-07 23:49:14.759320+05:00,Team Heretics,230.06
686,2025-10-07 23:49:14.759669+05:00,Team Vitality,206.49
687,2025-10-07 23:49:14.759960+05:00,Sentinels,236.07
688,2025-10-07 23:49:14.760250+05:00,Bilibili Gaming,237.04
689,2025-10-07 23:49:24.770352+05:00,TALON,269.28
690,2025-10-07 23:49:24.771115+05:00,LEVIATÁN,239.84
691,2025-10-07 23:49:24.771524+05:00,Gen.G,287.16
692,2025-10-07 23:49:24.771877+05:00,FUT Esports,255.96
693,2025-10-07 23:49:24.772189+05:00,EDward Gaming,235.42
694,2025-10-07 23:49:24.772477+05:00,FunPlus Phoenix,139.49
695,2025-10-07 23:49:24.772761+05:00,Trace Esports,268.96
696,2025-10-07 23:49:24.773038+05:00,G2 Esports,251.52
697,2025-10-07 23:49:24.773335+05:00,Paper Rex,283.04
698,2025-10-07 23:49:24.773704+05:00,KRÜ Esports,257.11
699,2025-10-07 23:49:24.774058+05:00,FNATIC,230.46
700,2025-10-07 23:49:24.774345+05:00,DRX,293.63
701,2025-10-07 23:49:24.774637+05:00,Team Heretics,224.87
702,2025-10-07 23:49:24.774933+05:00,Team Vitality,213.54
703,2025-10-07 23:49:24.775218+05:00,Sentinels,244.37
704,2025-10-07 23:49:24.775509+05:00,Bilibili Gaming,241.10
705,2025-10-07 23:49:34.780778+05:00,TALON,279.28
706,2025-10-07 23:49:34.782844+05:00,LEVIATÁN,231.61
707,2025-10-07 23:49:34.783142+05:00,Gen.G,286.96
708,2025-10-07 23:49:34.783405+05:00,FUT Esports,262.31
709,2025-10-07 23:49:34.783654+05:00,EDward Gaming,236.67
710,2025-10-07 23:49:34.783923+05:00,FunPlus Phoenix,148.60
711,2025-10-07 23:49:34.784181+05:00,Trace Esports,272.74
712,2025-10-07 23:49:34.784446+05:00,G2 Esports,253.33
713,2025-10-07 23:49:34.784726+05:00,Paper Rex,276.70
714,2025-10-07 23:49:34.784973+05:00,KRÜ Esports,256.21
715,2025-10-07 23:49:34.785196+05:00,FNATIC,239.17
716,2025-10-07 23:49:34.785435+05:00,DRX,297.60
717,2025-10-07 23:49:34.785669+05:00,Team Heretics,229.50
718,2025-10-07 23:49:34.785893+05:00,Team Vitality,220.28
719,2025-10-07 23:49:34.786136+05:00,Sentinels,241.39
720,2025-10-07 23:49:34.786343+05:00,Bilibili Gaming,234.18
721,2025-10-07 23:49:44.794747+05:00,TALON,280.38
722,2025-10-07 23:49:44.795484+05:00,LEVIATÁN,230.85
723,2025-10-07 23:49:44.795912+05:00,Gen.G,291.14
724,2025-10-07 23:49:44.796238+05:00,FUT Esports,266.14
725,2025-10-07 23:49:44.796531+05:00,EDward Gaming,238.98
726,2025-10-07 23:49:44.796819+05:00,FunPlus Phoenix,154.43
727,2025-10-07 23:49:44.797289+05:00,Trace Esports,282.14
728,2025-10-07 23:49:44.797872+05:00,G2 Esports,249.89
729,2025-10-07 23:49:44.798341+05:00,Paper Rex,278.86
730,2025-10-07 23:49:44.798645+05:00,KRÜ Esports,251.47
731,2025-10-07 23:49:44.798943+05:00,FNATIC,235.21
732,2025-10-07 23:49:44.799233+05:00,DRX,289.78
733,2025-10-07 23:49:44.799530+05:00,Team Heretics,222.32
734,2025-10-07 23:49:44.799833+05:00,Team Vitality,218.29
735,2025-10-07 23:49:44.800132+05:00,Sentinels,232.60
736,2025-10-07 23:49:44.800414+05:00,Bilibili Gaming,228.09
737,2025-10-07 23:49:54.812428+05:00,TALON,274.59
738,2025-10-07 23:49:54.815920+05:00,LEVIATÁN,236.20
739,2025-10-07 23:49:54.816223+05:00,Gen.G,288.04
740,2025-10-07 23:49:54.816513+05:00,FUT Esports,275.66
741,2025-10-07 23:49:54.816821+05:00,EDward Gaming,242.16
742,2025-10-07 23:49:54.817110+05:00,FunPlus Phoenix,150.40
743,2025-10-07 23:49:54.817516+05:00,Trace Esports,278.59
744,2025-10-07 23:49:54.817800+05:00,G2 Esports,258.00
745,2025-10-07 23:49:54.818098+05:00,Paper Rex,278.92
746,2025-10-07 23:49:54.818408+05:00,KRÜ Esports,244.89
747,2025-10-07 23:49:54.818694+05:00,FNATIC,237.93
748,2025-10-07 23:49:54.818978+05:00,DRX,292.63
749,2025-10-07 23:49:54.819275+05:00,Team Heretics,229.25
750,2025-10-07 23:49:54.819582+05:00,Team Vitality,223.89
751,2025-10-07 23:49:54.819867+05:00,Sentinels,228.12
752,2025-10-07 23:49:54.820157+05:00,Bilibili Gaming,222.93
753,2025-10-07 23:50:04.835390+05:00,TALON,282.95
754,2025-10-07 23:50:04.837933+05:00,LEVIATÁN,242.96
755,2025-10-07 23:50:04.838349+05:00,Gen.G,289.74
756,2025-10-07 23:50:04.838768+05:00,FUT Esports,268.83
757,2025-10-07 23:50:04.839122+05:00,EDward Gaming,244.56
758,2025-10-07 23:50:04.839434+05:00,FunPlus Phoenix,159.56
759,2025-10-07 23:50:04.839827+05:00,Trace Esports,284.34
760,2025-10-07 23:50:04.840170+05:00,G2 Esports,251.52
761,2025-10-07 23:50:04.840452+05:00,Paper Rex,286.08
762,2025-10-07 23:50:04.840793+05:00,KRÜ Esports,249.29
763,2025-10-07 23:50:04.841088+05:00,FNATIC,239.84
764,2025-10-07 23:50:04.841387+05:00,DRX,283.24
765,2025-10-07 23:50:04.841708+05:00,Team Heretics,224.32
766,2025-10-07 23:50:04.841989+05:00,Team Vitality,217.77
767,2025-10-07 23:50:04.842265+05:00,Sentinels,220.72
768,2025-10-07 23:50:04.842560+05:00,Bilibili Gaming,218.53
769,2025-10-07 23:50:14.844892+05:00,TALON,292.85
770,2025-10-07 23:50:14.845784+05:00,LEVIATÁN,243.70
771,2025-10-07 23:50:14.846157+05:00,Gen.G,293.99
772,2025-10-07 23:50:14.846472+05:00,FUT Esports,264.31
773,2025-10-07 23:50:14.846769+05:00,EDward Gaming,250.15
774,2025-10-07 23:50:14.847056+05:00,FunPlus Phoenix,157.64
775,2025-10-07 23:50:14.848252+05:00,Trace Esports,279.67
776,2025-10-07 23:50:14.848563+05:00,G2 Esports,257.74
777,2025-10-07 23:50:14.848859+05:00,Paper Rex,295.36
778,2025-10-07 23:50:14.849163+05:00,KRÜ Esports,258.36
779,2025-10-07 23:50:14.849452+05:00,FNATIC,246.62
780,2025-10-07 23:50:14.849734+05:00,DRX,284.34
781,2025-10-07 23:50:14.850018+05:00,Team Heretics,221.16
782,2025-10-07 23:50:14.850305+05:00,Team Vitality,212.68
783,2025-10-07 23:50:14.850613+05:00,Sentinels,229.37
784,2025-10-07 23:50:14.850896+05:00,Bilibili Gaming,228.12
785,2025-10-07 23:50:24.859429+05:00,TALON,289.68
786,2025-10-07 23:50:24.860369+05:00,LEVIATÁN,250.21
787,2025-10-07 23:50:24.860751+05:00,Gen.G,289.21
788,2025-10-07 23:50:24.861134+05:00,FUT Esports,269.29
789,2025-10-07 23:50:24.861441+05:00,EDward Gaming,256.32
790,2025-10-07 23:50:24.861738+05:00,FunPlus Phoenix,151.25
791,2025-10-07 23:50:24.862075+05:00,Trace Esports,270.04
792,2025-10-07 23:50:24.862393+05:00,G2 Esports,260.45
793,2025-10-07 23:50:24.862695+05:00,Paper Rex,301.57
794,2025-10-07 23:50:24.862983+05:00,KRÜ Esports,266.20
795,2025-10-07 23:50:24.863267+05:00,FNATIC,238.74
796,2025-10-07 23:50:24.863562+05:00,DRX,284.76
797,2025-10-07 23:50:24.863867+05:00,Team Heretics,216.01
798,2025-10-07 23:50:24.864162+05:00,Team Vitality,211.16
799,2025-10-07 23:50:24.864445+05:00,Sentinels,228.80
800,2025-10-07 23:50:24.864740+05:00,Bilibili Gaming,230.50
801,2025-10-07 23:50:34.880136+05:00,TALON,288.47
802,2025-10-07 23:50:34.880906+05:00,LEVIATÁN,254.52
803,2025-10-07 23:50:34.881232+05:00,Gen.G,290.44
804,2025-10-07 23:50:34.881539+05:00,FUT Esports,276.89
805,2025-10-07 23:50:34.881838+05:00,EDward Gaming,262.28
806,2025-10-07 23:50:34.882125+05:00,FunPlus Phoenix,152.00
807,2025-10-07 23:50:34.882412+05:00,Trace Esports,269.60
808,2025-10-07 23:50:34.882752+05:00,G2 Esports,254.29
809,2025-10-07 23:50:34.883111+05:00,Paper Rex,293.68
810,2025-10-07 23:50:34.883444+05:00,KRÜ Esports,256.79
811,2025-10-07 23:50:34.883734+05:00,FNATIC,238.04
812,2025-10-07 23:50:34.884017+05:00,DRX,279.01
813,2025-10-07 23:50:34.884305+05:00,Team Heretics,208.39
814,2025-10-07 23:50:34.884591+05:00,Team Vitality,201.53
815,2025-10-07 23:50:34.884877+05:00,Sentinels,232.53
816,2025-10-07 23:50:34.885157+05:00,Bilibili Gaming,234.22
817,2025-10-07 23:50:44.895955+05:00,TALON,290.26
818,2025-10-07 23:50:44.896461+05:00,LEVIATÁN,263.41
819,2025-10-07 23:50:44.896709+05:00,Gen.G,286.58
820,2025-10-07 23:50:44.896952+05:00,FUT Esports,279.81
821,2025-10-07 23:50:44.897204+05:00,EDward Gaming,268.16
822,2025-10-07 23:50:44.897456+05:00,FunPlus Phoenix,145.92
823,2025-10-07 23:50:44.897669+05:00,Trace Esports,272.86
824,2025-10-07 23:50:44.897905+05:00,G2 Esports,251.77
825,2025-10-07 23:50:44.898137+05:00,Paper Rex,293.17
826,2025-10-07 23:50:44.898362+05:00,KRÜ Esports,252.28
827,2025-10-07 23:50:44.898586+05:00,FNATIC,234.91
828,2025-10-07 23:50:44.898831+05:00,DRX,284.51
829,2025-10-07 23:50:44.899125+05:00,Team Heretics,203.41
830,2025-10-07 23:50:44.899391+05:00,Team Vitality,198.33
831,2025-10-07 23:50:44.899682+05:00,Sentinels,239.67
832,2025-10-07 23:50:44.900002+05:00,Bilibili Gaming,230.93
833,2025-10-07 23:50:54.909182+05:00,TALON,287.93
834,2025-10-07 23:50:54.909851+05:00,LEVIATÁN,261.54
835,2025-10-07 23:50:54.910159+05:00,Gen.G,289.76
836,2025-10-07 23:50:54.910448+05:00,FUT Esports,288.69
837,2025-10-07 23:50:54.910772+05:00,EDward Gaming,269.91
838,2025-10-07 23:50:54.911077+05:00,FunPlus Phoenix,141.49
839,2025-10-07 23:50:54.911361+05:00,Trace Esports,273.11
840,2025-10-07 23:50:54.911642+05:00,G2 Esports,252.03
841,2025-10-07 23:50:54.911923+05:00,Paper Rex,299.96
842,2025-10-07 23:50:54.912225+05:00,KRÜ Esports,246.32
843,2025-10-07 23:50:54.912624+05:00,FNATIC,232.72
844,2025-10-07 23:50:54.913034+05:00,DRX,284.14
845,2025-10-07 23:50:54.913440+05:00,Team Heretics,193.44
846,2025-10-07 23:50:54.913742+05:00,Team Vitality,203.12
847,2025-10-07 23:50:54.914021+05:00,Sentinels,247.23
848,2025-10-07 23:50:54.914301+05:00,Bilibili Gaming,226.09
849,2025-10-07 23:51:04.927137+05:00,TALON,278.82
850,2025-10-07 23:51:04.927740+05:00,LEVIATÁN,267.36
851,2025-10-07 23:51:04.928092+05:00,Gen.G,284.85
852,2025-10-07 23:51:04.928405+05:00,FUT Esports,295.81
853,2025-10-07 23:51:04.928720+05:00,EDward Gaming,276.16
854,2025-10-07 23:51:04.929002+05:00,FunPlus Phoenix,151.45
855,2025-10-07 23:51:04.929309+05:00,Trace Esports,274.30
856,2025-10-07 23:51:04.929653+05:00,G2 Esports,245.26
857,2025-10-07 23:51:04.930017+05:00,Paper Rex,297.00
858,2025-10-07 23:51:04.930371+05:00,KRÜ Esports,239.54
859,2025-10-07 23:51:04.930759+05:00,FNATIC,226.49
860,2025-10-07 23:51:04.931041+05:00,DRX,278.87
861,2025-10-07 23:51:04.931327+05:00,Team Heretics,189.62
862,2025-10-07 23:51:04.931673+05:00,Team Vitality,199.89
863,2025-10-07 23:51:04.932059+05:00,Sentinels,240.99
864,2025-10-07 23:51:04.932409+05:00,Bilibili Gaming,228.96
865,2025-10-07 23:51:14.941232+05:00,TALON,276.23
866,2025-10-07 23:51:14.942259+05:00,LEVIATÁN,263.41
867,2025-10-07 23:51:14.942723+05:00,Gen.G,278.96
868,2025-10-07 23:51:14.943024+05:00,FUT Esports,297.58
869,2025-10-07 23:51:14.943330+05:00,EDward Gaming,270.56
870,2025-10-07 23:51:14.943636+05:00,FunPlus Phoenix,145.33
871,2025-10-07 23:51:14.943932+05:00,Trace Esports,266.89
872,2025-10-07 23:51:14.944267+05:00,G2 Esports,243.25
873,2025-10-07 23:51:14.944569+05:00,Paper Rex,299.10
874,2025-10-07 23:51:14.944899+05:00,KRÜ Esports,241.62
875,2025-10-07 23:51:14.945195+05:00,FNATIC,221.60
876,2025-10-07 23:51:14.945484+05:00,DRX,287.78
877,2025-10-07 23:51:14.945783+05:00,Team Heretics,192.27
878,2025-10-07 23:51:14.946082+05:00,Team Vitality,208.29
879,2025-10-07 23:51:14.946371+05:00,Sentinels,244.48
880,2025-10-07 23:51:14.946664+05:00,Bilibili Gaming,221.17
881,2025-10-07 23:51:24.959348+05:00,TALON,276.84
882,2025-10-07 23:51:24.959766+05:00,LEVIATÁN,257.14
883,2025-10-07 23:51:24.959986+05:00,Gen.G,276.74
884,2025-10-07 23:51:24.960201+05:00,FUT Esports,295.52
885,2025-10-07 23:51:24.960418+05:00,EDward Gaming,265.94
886,2025-10-07 23:51:24.960624+05:00,FunPlus Phoenix,154.13
887,2025-10-07 23:51:24.960836+05:00,Trace Esports,274.16
888,2025-10-07 23:51:24.961040+05:00,G2 Esports,246.83
889,2025-10-07 23:51:24.961246+05:00,Paper Rex,301.03
890,2025-10-07 23:51:24.961457+05:00,KRÜ Esports,235.55
891,2025-10-07 23:51:24.961667+05:00,FNATIC,229.34
892,2025-10-07 23:51:24.961875+05:00,DRX,287.26
893,2025-10-07 23:51:24.962080+05:00,Team Heretics,198.88
894,2025-10-07 23:51:24.962286+05:00,Team Vitality,216.75
895,2025-10-07 23:51:24.962490+05:00,Sentinels,247.76
896,2025-10-07 23:51:24.962702+05:00,Bilibili Gaming,229.79
897,2025-10-07 23:51:34.973105+05:00,TALON,281.87
898,2025-10-07 23:51:34.974201+05:00,LEVIATÁN,263.75
899,2025-10-07 23:51:34.974509+05:00,Gen.G,273.44
900,2025-10-07 23:51:34.974832+05:00,FUT Esports,295.88
901,2025-10-07 23:51:34.975133+05:00,EDward Gaming,271.74
902,2025-10-07 23:51:34.975420+05:00,FunPlus Phoenix,155.91
903,2025-10-07 23:51:34.975715+05:00,Trace Esports,266.48
904,2025-10-07 23:51:34.976011+05:00,G2 Esports,241.54
905,2025-10-07 23:51:34.976305+05:00,Paper Rex,306.88
906,2025-10-07 23:51:34.976591+05:00,KRÜ Esports,233.82
907,2025-10-07 23:51:34.976886+05:00,FNATIC,231.71
908,2025-10-07 23:51:34.977190+05:00,DRX,281.70
909,2025-10-07 23:51:34.977497+05:00,Team Heretics,199.22
910,2025-10-07 23:51:34.977790+05:00,Team Vitality,219.13
911,2025-10-07 23:51:34.978083+05:00,Sentinels,252.75
912,2025-10-07 23:51:34.978419+05:00,Bilibili Gaming,223.66
913,2025-10-07 23:51:44.989122+05:00,TALON,274.51
914,2025-10-07 23:51:44.989699+05:00,LEVIATÁN,272.24
915,2025-10-07 23:51:44.989993+05:00,Gen.G,281.89
916,2025-10-07 23:51:44.990262+05:00,FUT Esports,300.11
917,2025-10-07 23:51:44.990483+05:00,EDward Gaming,264.94
918,2025-10-07 23:51:44.990692+05:00,FunPlus Phoenix,148.55
919,2025-10-07 23:51:44.990899+05:00,Trace Esports,271.45
920,2025-10-07 23:51:44.991104+05:00,G2 Esports,233.09
921,2025-10-07 23:51:44.991319+05:00,Paper Rex,304.20
922,2025-10-07 23:51:44.991528+05:00,KRÜ Esports,224.28
923,2025-10-07 23:51:44.991733+05:00,FNATIC,239.19
924,2025-10-07 23:51:44.991938+05:00,DRX,284.91
925,2025-10-07 23:51:44.992143+05:00,Team Heretics,193.15
926,2025-10-07 23:51:44.992350+05:00,Team Vitality,215.73
927,2025-10-07 23:51:44.992559+05:00,Sentinels,253.11
928,2025-10-07 23:51:44.992768+05:00,Bilibili Gaming,226.75
929,2025-10-07 23:51:54.997473+05:00,TALON,266.89
930,2025-10-07 23:51:54.999197+05:00,LEVIATÁN,272.05
931,2025-10-07 23:51:54.999455+05:00,Gen.G,283.44
932,2025-10-07 23:51:54.999722+05:00,FUT Esports,308.15
933,2025-10-07 23:51:55.000002+05:00,EDward Gaming,261.16
934,2025-10-07 23:51:55.000229+05:00,FunPlus Phoenix,143.24
935,2025-10-07 23:51:55.000438+05:00,Trace Esports,274.48
936,2025-10-07 23:51:55.000693+05:00,G2 Esports,238.49
937,2025-10-07 23:51:55.000970+05:00,Paper Rex,307.09
938,2025-10-07 23:51:55.001238+05:00,KRÜ Esports,222.56
939,2025-10-07 23:51:55.001447+05:00,FNATIC,248.92
940,2025-10-07 23:51:55.001669+05:00,DRX,279.27
941,2025-10-07 23:51:55.001917+05:00,Team Heretics,195.16
942,2025-10-07 23:51:55.002142+05:00,Team Vitality,218.34
943,2025-10-07 23:51:55.002373+05:00,Sentinels,258.51
944,2025-10-07 23:51:55.002591+05:00,Bilibili Gaming,217.23
945,2025-10-07 23:52:05.008404+05:00,TALON,264.42
946,2025-10-07 23:52:05.009216+05:00,LEVIATÁN,262.85
947,2025-10-07 23:52:05.009682+05:00,Gen.G,283.33
948,2025-10-07 23:52:05.009996+05:00,FUT Esports,307.22
949,2025-10-07 23:52:05.010297+05:00,EDward Gaming,254.21
950,2025-10-07 23:52:05.010589+05:00,FunPlus Phoenix,136.30
951,2025-10-07 23:52:05.010893+05:00,Trace Esports,272.07
952,2025-10-07 23:52:05.011199+05:00,G2 Esports,237.05
953,2025-10-07 23:52:05.011490+05:00,Paper Rex,314.46
954,2025-10-07 23:52:05.011784+05:00,KRÜ Esports,221.09
955,2025-10-07 23:52:05.012085+05:00,FNATIC,255.58
956,2025-10-07 23:52:05.012392+05:00,DRX,286.71
957,2025-10-07 23:52:05.012687+05:00,Team Heretics,187.99
958,2025-10-07 23:52:05.012974+05:00,Team Vitality,227.72
959,2025-10-07 23:52:05.013274+05:00,Sentinels,264.14
960,2025-10-07 23:52:05.013577+05:00,Bilibili Gaming,216.12
961,2025-10-07 23:52:15.026625+05:00,TALON,260.52
962,2025-10-07 23:52:15.027127+05:00,LEVIATÁN,270.97
963,2025-10-07 23:52:15.027352+05:00,Gen.G,287.08
964,2025-10-07 23:52:15.027567+05:00,FUT Esports,311.70
965,2025-10-07 23:52:15.027778+05:00,EDward Gaming,263.44
966,2025-10-07 23:52:15.028005+05:00,FunPlus Phoenix,132.33
967,2025-10-07 23:52:15.028256+05:00,Trace Esports,271.98
968,2025-10-07 23:52:15.028472+05:00,G2 Esports,245.25
969,2025-10-07 23:52:15.028694+05:00,Paper Rex,316.07
970,2025-10-07 23:52:15.028957+05:00,KRÜ Esports,224.81
971,2025-10-07 23:52:15.029171+05:00,FNATIC,247.24
972,2025-10-07 23:52:15.029383+05:00,DRX,279.20
973,2025-10-07 23:52:15.029597+05:00,Team Heretics,193.53
974,2025-10-07 23:52:15.029833+05:00,Team Vitality,225.55
975,2025-10-07 23:52:15.030062+05:00,Sentinels,260.93
976,2025-10-07 23:52:15.030298+05:00,Bilibili Gaming,213.18
977,2025-10-07 23:52:25.034035+05:00,TALON,266.57
978,2025-10-07 23:52:25.034566+05:00,LEVIATÁN,265.69
979,2025-10-07 23:52:25.035022+05:00,Gen.G,295.26
980,2025-10-07 23:52:25.035393+05:00,FUT Esports,306.83
981,2025-10-07 23:52:25.035790+05:00,EDward Gaming,255.57
982,2025-10-07 23:52:25.036153+05:00,FunPlus Phoenix,141.92
983,2025-10-07 23:52:25.036466+05:00,Trace Esports,278.07
984,2025-10-07 23:52:25.036819+05:00,G2 Esports,250.59
985,2025-10-07 23:52:25.037142+05:00,Paper Rex,322.18
986,2025-10-07 23:52:25.037450+05:00,KRÜ Esports,222.17
987,2025-10-07 23:52:25.037896+05:00,FNATIC,253.08
988,2025-10-07 23:52:25.038290+05:00,DRX,281.04
989,2025-10-07 23:52:25.038583+05:00,Team Heretics,192.25
990,2025-10-07 23:52:25.039133+05:00,Team Vitality,231.29
991,2025-10-07 23:52:25.039442+05:00,Sentinels,270.43
992,2025-10-07 23:52:25.039778+05:00,Bilibili Gaming,211.93
993,2025-10-07 23:52:35.040715+05:00,TALON,259.99
994,2025-10-07 23:52:35.041561+05:00,LEVIATÁN,263.75
995,2025-10-07 23:52:35.041921+05:00,Gen.G,299.90
996,2025-10-07 23:52:35.042246+05:00,FUT Esports,314.57
997,2025-10-07 23:52:35.042606+05:00,EDward Gaming,257.12
998,2025-10-07 23:52:35.042912+05:00,FunPlus Phoenix,141.96
999,2025-10-07 23:52:35.043271+05:00,Trace Esports,273.43
1000,2025-10-07 23:52:35.043616+05:00,G2 Esports,252.70
1001,2025-10-07 23:52:35.043900+05:00,Paper Rex,325.06
1002,2025-10-07 23:52:35.044198+05:00,KRÜ Esports,227.10
1003,2025-10-07 23:52:35.044488+05:00,FNATIC,261.46
1004,2025-10-07 23:52:35.044788+05:00,DRX,272.76
1005,2025-10-07 23:52:35.045117+05:00,Team Heretics,188.20
1006,2025-10-07 23:52:35.045406+05:00,Team Vitality,236.15
1007,2025-10-07 23:52:35.045697+05:00,Sentinels,276.36
1008,2025-10-07 23:52:35.045995+05:00,Bilibili Gaming,206.60
1009,2025-10-07 23:52:45.049595+05:00,TALON,251.08
1010,2025-10-07 23:52:45.050580+05:00,LEVIATÁN,255.96
1011,2025-10-07 23:52:45.051024+05:00,Gen.G,296.32
1012,2025-10-07 23:52:45.051320+05:00,FUT Esports,316.45
1013,2025-10-07 23:52:45.051701+05:00,EDward Gaming,263.46
1014,2025-10-07 23:52:45.052036+05:00,FunPlus Phoenix,137.63
1015,2025-10-07 23:52:45.052336+05:00,Trace Esports,280.83
1016,2025-10-07 23:52:45.052646+05:00,G2 Esports,243.76
1017,2025-10-07 23:52:45.052972+05:00,Paper Rex,322.14
1018,2025-10-07 23:52:45.053275+05:00,KRÜ Esports,235.61
1019,2025-10-07 23:52:45.053558+05:00,FNATIC,261.07
1020,2025-10-07 23:52:45.053844+05:00,DRX,275.86
1021,2025-10-07 23:52:45.054148+05:00,Team Heretics,197.59
1022,2025-10-07 23:52:45.054451+05:00,Team Vitality,240.45
1023,2025-10-07 23:52:45.054736+05:00,Sentinels,277.37
1024,2025-10-07 23:52:45.055023+05:00,Bilibili Gaming,216.42
1025,2025-10-07 23:52:55.070275+05:00,TALON,255.59
1026,2025-10-07 23:52:55.070847+05:00,LEVIATÁN,246.19
1027,2025-10-07 23:52:55.071112+05:00,Gen.G,291.48
1028,2025-10-07 23:52:55.071354+05:00,FUT Esports,324.39
1029,2025-10-07 23:52:55.071577+05:00,EDward Gaming,265.58
1030,2025-10-07 23:52:55.071793+05:00,FunPlus Phoenix,131.15
1031,2025-10-07 23:52:55.072011+05:00,Trace Esports,283.67
1032,2025-10-07 23:52:55.072253+05:00,G2 Esports,248.73
1033,2025-10-07 23:52:55.072522+05:00,Paper Rex,325.33
1034,2025-10-07 23:52:55.072736+05:00,KRÜ Esports,239.53
1035,2025-10-07 23:52:55.072946+05:00,FNATIC,264.22
1036,2025-10-07 23:52:55.073153+05:00,DRX,283.82
1037,2025-10-07 23:52:55.073367+05:00,Team Heretics,197.89
1038,2025-10-07 23:52:55.073606+05:00,Team Vitality,241.60
1039,2025-10-07 23:52:55.073856+05:00,Sentinels,280.38
1040,2025-10-07 23:52:55.074089+05:00,Bilibili Gaming,221.27
1041,2025-10-07 23:53:05.085549+05:00,TALON,245.99
1042,2025-10-07 23:53:05.086074+05:00,LEVIATÁN,239.25
1043,2025-10-07 23:53:05.086346+05:00,Gen.G,288.42
1044,2025-10-07 23:53:05.086632+05:00,FUT Esports,334.04
1045,2025-10-07 23:53:05.086889+05:00,EDward Gaming,260.84
1046,2025-10-07 23:53:05.087101+05:00,FunPlus Phoenix,133.51
1047,2025-10-07 23:53:05.087306+05:00,Trace Esports,279.07
1048,2025-10-07 23:53:05.087526+05:00,G2 Esports,253.21
1049,2025-10-07 23:53:05.087744+05:00,Paper Rex,331.99
1050,2025-10-07 23:53:05.087959+05:00,KRÜ Esports,245.12
1051,2025-10-07 23:53:05.088211+05:00,FNATIC,255.66
1052,2025-10-07 23:53:05.088417+05:00,DRX,277.90
1053,2025-10-07 23:53:05.088625+05:00,Team Heretics,188.72
1054,2025-10-07 23:53:05.088843+05:00,Team Vitality,243.78
1055,2025-10-07 23:53:05.089058+05:00,Sentinels,271.45
1056,2025-10-07 23:53:05.089264+05:00,Bilibili Gaming,225.57
1057,2025-10-07 23:53:15.099542+05:00,TALON,237.71
1058,2025-10-07 23:53:15.100118+05:00,LEVIATÁN,238.29
1059,2025-10-07 23:53:15.100373+05:00,Gen.G,279.74
1060,2025-10-07 23:53:15.100583+05:00,FUT Esports,331.04
1061,2025-10-07 23:53:15.100791+05:00,EDward Gaming,266.05
1062,2025-10-07 23:53:15.101001+05:00,FunPlus Phoenix,129.79
1063,2025-10-07 23:53:15.101207+05:00,Trace Esports,281.08
1064,2025-10-07 23:53:15.101409+05:00,G2 Esports,246.45
1065,2025-10-07 23:53:15.101622+05:00,Paper Rex,339.04
1066,2025-10-07 23:53:15.101844+05:00,KRÜ Esports,249.97
1067,2025-10-07 23:53:15.102157+05:00,FNATIC,247.18
1068,2025-10-07 23:53:15.102431+05:00,DRX,276.01
1069,2025-10-07 23:53:15.102682+05:00,Team Heretics,185.16
1070,2025-10-07 23:53:15.102952+05:00,Team Vitality,238.23
1071,2025-10-07 23:53:15.103220+05:00,Sentinels,262.18
1072,2025-10-07 23:53:15.103436+05:00,Bilibili Gaming,226.45
1073,2025-10-07 23:53:25.110133+05:00,TALON,235.17
1074,2025-10-07 23:53:25.110664+05:00,LEVIATÁN,229.20
1075,2025-10-07 23:53:25.110942+05:00,Gen.G,274.06
1076,2025-10-07 23:53:25.111208+05:00,FUT Esports,334.95
1077,2025-10-07 23:53:25.111454+05:00,EDward Gaming,260.67
1078,2025-10-07 23:53:25.111701+05:00,FunPlus Phoenix,134.29
1079,2025-10-07 23:53:25.111911+05:00,Trace Esports,272.18
1080,2025-10-07 23:53:25.112121+05:00,G2 Esports,250.15
1081,2025-10-07 23:53:25.112328+05:00,Paper Rex,347.93
1082,2025-10-07 23:53:25.112542+05:00,KRÜ Esports,245.95
1083,2025-10-07 23:53:25.112756+05:00,FNATIC,245.88
1084,2025-10-07 23:53:25.112977+05:00,DRX,276.40
1085,2025-10-07 23:53:25.113205+05:00,Team Heretics,178.78
1086,2025-10-07 23:53:25.113428+05:00,Team Vitality,232.96
1087,2025-10-07 23:53:25.113651+05:00,Sentinels,256.87
1088,2025-10-07 23:53:25.113881+05:00,Bilibili Gaming,221.83
1089,2025-10-07 23:53:35.114723+05:00,TALON,238.30
1090,2025-10-07 23:53:35.115286+05:00,LEVIATÁN,225.39
1091,2025-10-07 23:53:35.115521+05:00,Gen.G,280.23
1092,2025-10-07 23:53:35.115788+05:00,FUT Esports,329.93
1093,2025-10-07 23:53:35.116007+05:00,EDward Gaming,251.31
1094,2025-10-07 23:53:35.116224+05:00,FunPlus Phoenix,124.65
1095,2025-10-07 23:53:35.116429+05:00,Trace Esports,268.14
1096,2025-10-07 23:53:35.116633+05:00,G2 Esports,245.95
1097,2025-10-07 23:53:35.116866+05:00,Paper Rex,350.19
1098,2025-10-07 23:53:35.117085+05:00,KRÜ Esports,237.64
1099,2025-10-07 23:53:35.117295+05:00,FNATIC,253.32
1100,2025-10-07 23:53:35.117496+05:00,DRX,282.59
1101,2025-10-07 23:53:35.117700+05:00,Team Heretics,181.59
1102,2025-10-07 23:53:35.117963+05:00,Team Vitality,231.92
1103,2025-10-07 23:53:35.118234+05:00,Sentinels,264.18
1104,2025-10-07 23:53:35.118488+05:00,Bilibili Gaming,227.68
1105,2025-10-07 23:53:45.121620+05:00,TALON,233.54
1106,2025-10-07 23:53:45.122146+05:00,LEVIATÁN,234.27
1107,2025-10-07 23:53:45.122429+05:00,Gen.G,282.56
1108,2025-10-07 23:53:45.122747+05:00,FUT Esports,329.44
1109,2025-10-07 23:53:45.123039+05:00,EDward Gaming,256.10
1110,2025-10-07 23:53:45.123328+05:00,FunPlus Phoenix,122.72
1111,2025-10-07 23:53:45.123624+05:00,Trace Esports,269.47
1112,2025-10-07 23:53:45.123900+05:00,G2 Esports,243.54
1113,2025-10-07 23:53:45.124433+05:00,Paper Rex,346.40
1114,2025-10-07 23:53:45.124762+05:00,KRÜ Esports,227.85
1115,2025-10-07 23:53:45.125093+05:00,FNATIC,244.90
1116,2025-10-07 23:53:45.125415+05:00,DRX,280.68
1117,2025-10-07 23:53:45.125790+05:00,Team Heretics,184.19
1118,2025-10-07 23:53:45.126100+05:00,Team Vitality,237.70
1119,2025-10-07 23:53:45.126368+05:00,Sentinels,268.90
1120,2025-10-07 23:53:45.126645+05:00,Bilibili Gaming,230.97
1121,2025-10-07 23:53:55.133129+05:00,TALON,234.20
1122,2025-10-07 23:53:55.134675+05:00,LEVIATÁN,229.10
1123,2025-10-07 23:53:55.134946+05:00,Gen.G,283.33
1124,2025-10-07 23:53:55.135269+05:00,FUT Esports,319.96
1125,2025-10-07 23:53:55.135522+05:00,EDward Gaming,257.17
1126,2025-10-07 23:53:55.135764+05:00,FunPlus Phoenix,114.13
1127,2025-10-07 23:53:55.136007+05:00,Trace Esports,265.66
1128,2025-10-07 23:53:55.136226+05:00,G2 Esports,235.49
1129,2025-10-07 23:53:55.136450+05:00,Paper Rex,342.85
1130,2025-10-07 23:53:55.136716+05:00,KRÜ Esports,223.86
1131,2025-10-07 23:53:55.136951+05:00,FNATIC,235.66
1132,2025-10-07 23:53:55.137201+05:00,DRX,272.75
1133,2025-10-07 23:53:55.137428+05:00,Team Heretics,187.27
1134,2025-10-07 23:53:55.137705+05:00,Team Vitality,239.65
1135,2025-10-07 23:53:55.137966+05:00,Sentinels,259.92
1136,2025-10-07 23:53:55.138199+05:00,Bilibili Gaming,225.87
1137,2025-10-07 23:54:05.148091+05:00,TALON,239.10
1138,2025-10-07 23:54:05.148532+05:00,LEVIATÁN,228.45
1139,2025-10-07 23:54:05.148791+05:00,Gen.G,275.53
1140,2025-10-07 23:54:05.149043+05:00,FUT Esports,328.46
1141,2025-10-07 23:54:05.150337+05:00,EDward Gaming,248.04
1142,2025-10-07 23:54:05.150580+05:00,FunPlus Phoenix,120.99
1143,2025-10-07 23:54:05.150783+05:00,Trace Esports,274.50
1144,2025-10-07 23:54:05.150984+05:00,G2 Esports,226.76
1145,2025-10-07 23:54:05.151268+05:00,Paper Rex,335.53
1146,2025-10-07 23:54:05.151528+05:00,KRÜ Esports,222.77
1147,2025-10-07 23:54:05.151815+05:00,FNATIC,232.04
1148,2025-10-07 23:54:05.152031+05:00,DRX,267.03
1149,2025-10-07 23:54:05.152245+05:00,Team Heretics,182.90
1150,2025-10-07 23:54:05.152510+05:00,Team Vitality,234.50
1151,2025-10-07 23:54:05.152783+05:00,Sentinels,255.24
1152,2025-10-07 23:54:05.153033+05:00,Bilibili Gaming,225.05
1153,2025-10-07 23:54:15.160024+05:00,TALON,247.93
1154,2025-10-07 23:54:15.160573+05:00,LEVIATÁN,235.75
1155,2025-10-07 23:54:15.160853+05:00,Gen.G,283.87
1156,2025-10-07 23:54:15.161058+05:00,FUT Esports,322.44
1157,2025-10-07 23:54:15.161265+05:00,EDward Gaming,250.11
1158,2025-10-07 23:54:15.161503+05:00,FunPlus Phoenix,113.68
1159,2025-10-07 23:54:15.161741+05:00,Trace Esports,282.43
1160,2025-10-07 23:54:15.161957+05:00,G2 Esports,222.16
1161,2025-10-07 23:54:15.162161+05:00,Paper Rex,330.26
1162,2025-10-07 23:54:15.162362+05:00,KRÜ Esports,229.30
1163,2025-10-07 23:54:15.162622+05:00,FNATIC,225.46
1164,2025-10-07 23:54:15.162874+05:00,DRX,257.61
1165,2025-10-07 23:54:15.163096+05:00,Team Heretics,192.58
1166,2025-10-07 23:54:15.163303+05:00,Team Vitality,236.96
1167,2025-10-07 23:54:15.163512+05:00,Sentinels,264.88
1168,2025-10-07 23:54:15.163759+05:00,Bilibili Gaming,229.48
1169,2025-10-07 23:54:25.167540+05:00,TALON,240.56
1170,2025-10-07 23:54:25.168137+05:00,LEVIATÁN,226.46
1171,2025-10-07 23:54:25.168462+05:00,Gen.G,274.08
1172,2025-10-07 23:54:25.168783+05:00,FUT Esports,312.55
1173,2025-10-07 23:54:25.169106+05:00,EDward Gaming,253.75
1174,2025-10-07 23:54:25.169407+05:00,FunPlus Phoenix,109.45
1175,2025-10-07 23:54:25.169711+05:00,Trace Esports,272.54
1176,2025-10-07 23:54:25.170004+05:00,G2 Esports,213.89
1177,2025-10-07 23:54:25.170285+05:00,Paper Rex,320.72
1178,2025-10-07 23:54:25.170572+05:00,KRÜ Esports,231.39
1179,2025-10-07 23:54:25.170861+05:00,FNATIC,225.65
1180,2025-10-07 23:54:25.171148+05:00,DRX,249.02
1181,2025-10-07 23:54:25.171439+05:00,Team Heretics,191.67
1182,2025-10-07 23:54:25.171753+05:00,Team Vitality,235.94
1183,2025-10-07 23:54:25.172069+05:00,Sentinels,268.99
1184,2025-10-07 23:54:25.172368+05:00,Bilibili Gaming,235.26
1185,2025-10-07 23:54:35.182565+05:00,TALON,232.31
1186,2025-10-07 23:54:35.183272+05:00,LEVIATÁN,233.88
1187,2025-10-07 23:54:35.183604+05:00,Gen.G,273.94
1188,2025-10-07 23:54:35.183928+05:00,FUT Esports,319.87
1189,2025-10-07 23:54:35.184213+05:00,EDward Gaming,250.25
1190,2025-10-07 23:54:35.184511+05:00,FunPlus Phoenix,101.39
1191,2025-10-07 23:54:35.184801+05:00,Trace Esports,265.15
1192,2025-10-07 23:54:35.185089+05:00,G2 Esports,207.35
1193,2025-10-07 23:54:35.185378+05:00,Paper Rex,319.87
1194,2025-10-07 23:54:35.185670+05:00,KRÜ Esports,229.71
1195,2025-10-07 23:54:35.185960+05:00,FNATIC,221.55
1196,2025-10-07 23:54:35.186251+05:00,DRX,245.82
1197,2025-10-07 23:54:35.186546+05:00,Team Heretics,191.98
1198,2025-10-07 23:54:35.186835+05:00,Team Vitality,241.00
1199,2025-10-07 23:54:35.187125+05:00,Sentinels,264.83
1200,2025-10-07 23:54:35.187416+05:00,Bilibili Gaming,234.52
1201,2025-10-07 23:54:45.191805+05:00,TALON,224.38
1202,2025-10-07 23:54:45.192387+05:00,LEVIATÁN,227.96
1203,2025-10-07 23:54:45.192659+05:00,Gen.G,273.34
1204,2025-10-07 23:54:45.192879+05:00,FUT Esports,325.74
1205,2025-10-07 23:54:45.193087+05:00,EDward Gaming,252.14
1206,2025-10-07 23:54:45.193299+05:00,FunPlus Phoenix,99.91
1207,2025-10-07 23:54:45.193524+05:00,Trace Esports,260.72
1208,2025-10-07 23:54:45.193789+05:00,G2 Esports,205.91
1209,2025-10-07 23:54:45.193997+05:00,Paper Rex,324.73
1210,2025-10-07 23:54:45.194204+05:00,KRÜ Esports,237.24
1211,2025-10-07 23:54:45.194420+05:00,FNATIC,217.13
1212,2025-10-07 23:54:45.194636+05:00,DRX,250.14
1213,2025-10-07 23:54:45.194854+05:00,Team Heretics,200.67
1214,2025-10-07 23:54:45.195061+05:00,Team Vitality,240.52
1215,2025-10-07 23:54:45.195267+05:00,Sentinels,264.52
1216,2025-10-07 23:54:45.195472+05:00,Bilibili Gaming,230.94
1217,2025-10-07 23:54:55.209486+05:00,TALON,216.48
1218,2025-10-07 23:54:55.211596+05:00,LEVIATÁN,230.60
1219,2025-10-07 23:54:55.211920+05:00,Gen.G,281.73
1220,2025-10-07 23:54:55.212215+05:00,FUT Esports,326.59
1221,2025-10-07 23:54:55.212538+05:00,EDward Gaming,256.81
1222,2025-10-07 23:54:55.212880+05:00,FunPlus Phoenix,102.44
1223,2025-10-07 23:54:55.213168+05:00,Trace Esports,259.21
1224,2025-10-07 23:54:55.213454+05:00,G2 Esports,212.01
1225,2025-10-07 23:54:55.213760+05:00,Paper Rex,316.48
1226,2025-10-07 23:54:55.214060+05:00,KRÜ Esports,229.17
1227,2025-10-07 23:54:55.214351+05:00,FNATIC,222.46
1228,2025-10-07 23:54:55.214636+05:00,DRX,246.92
1229,2025-10-07 23:54:55.214935+05:00,Team Heretics,204.27
1230,2025-10-07 23:54:55.215234+05:00,Team Vitality,232.87
1231,2025-10-07 23:54:55.215522+05:00,Sentinels,260.76
1232,2025-10-07 23:54:55.215805+05:00,Bilibili Gaming,222.74
1233,2025-10-07 23:55:05.222026+05:00,TALON,222.93
1234,2025-10-07 23:55:05.222802+05:00,LEVIATÁN,229.89
1235,2025-10-07 23:55:05.223177+05:00,Gen.G,274.23
1236,2025-10-07 23:55:05.223772+05:00,FUT Esports,322.45
1237,2025-10-07 23:55:05.224089+05:00,EDward Gaming,264.36
1238,2025-10-07 23:55:05.224413+05:00,FunPlus Phoenix,95.28
1239,2025-10-07 23:55:05.224700+05:00,Trace Esports,253.60
1240,2025-10-07 23:55:05.225046+05:00,G2 Esports,218.83
1241,2025-10-07 23:55:05.225398+05:00,Paper Rex,312.87
1242,2025-10-07 23:55:05.225689+05:00,KRÜ Esports,238.72
1243,2025-10-07 23:55:05.225980+05:00,FNATIC,232.06
1244,2025-10-07 23:55:05.226286+05:00,DRX,238.72
1245,2025-10-07 23:55:05.226584+05:00,Team Heretics,208.49
1246,2025-10-07 23:55:05.226888+05:00,Team Vitality,240.17
1247,2025-10-07 23:55:05.227175+05:00,Sentinels,266.15
1248,2025-10-07 23:55:05.227462+05:00,Bilibili Gaming,229.87
1249,2025-10-07 23:55:15.239104+05:00,TALON,231.97
1250,2025-10-07 23:55:15.241867+05:00,LEVIATÁN,227.25
1251,2025-10-07 23:55:15.242387+05:00,Gen.G,266.42
1252,2025-10-07 23:55:15.242758+05:00,FUT Esports,318.11
1253,2025-10-07 23:55:15.243062+05:00,EDward Gaming,259.83
1254,2025-10-07 23:55:15.243351+05:00,FunPlus Phoenix,97.39
1255,2025-10-07 23:55:15.243638+05:00,Trace Esports,254.84
1256,2025-10-07 23:55:15.243936+05:00,G2 Esports,213.31
1257,2025-10-07 23:55:15.244236+05:00,Paper Rex,309.04
1258,2025-10-07 23:55:15.244521+05:00,KRÜ Esports,242.43
1259,2025-10-07 23:55:15.244804+05:00,FNATIC,235.20
1260,2025-10-07 23:55:15.245146+05:00,DRX,238.86
1261,2025-10-07 23:55:15.245444+05:00,Team Heretics,215.59
1262,2025-10-07 23:55:15.245729+05:00,Team Vitality,244.40
1263,2025-10-07 23:55:15.246011+05:00,Sentinels,262.10
1264,2025-10-07 23:55:15.246307+05:00,Bilibili Gaming,235.99
1265,2025-10-07 23:55:25.248484+05:00,TALON,224.20
1266,2025-10-07 23:55:25.250602+05:00,LEVIATÁN,234.48
1267,2025-10-07 23:55:25.251022+05:00,Gen.G,258.13
1268,2025-10-07 23:55:25.251514+05:00,FUT Esports,312.07
1269,2025-10-07 23:55:25.251973+05:00,EDward Gaming,260.20
1270,2025-10-07 23:55:25.252256+05:00,FunPlus Phoenix,103.16
1271,2025-10-07 23:55:25.252548+05:00,Trace Esports,256.43
1272,2025-10-07 23:55:25.252833+05:00,G2 Esports,222.97
1273,2025-10-07 23:55:25.253124+05:00,Paper Rex,318.37
1274,2025-10-07 23:55:25.253413+05:00,KRÜ Esports,235.96
1275,2025-10-07 23:55:25.253711+05:00,FNATIC,238.86
1276,2025-10-07 23:55:25.254021+05:00,DRX,229.97
1277,2025-10-07 23:55:25.254300+05:00,Team Heretics,206.98
1278,2025-10-07 23:55:25.254587+05:00,Team Vitality,238.29
1279,2025-10-07 23:55:25.254884+05:00,Sentinels,268.54
1280,2025-10-07 23:55:25.255186+05:00,Bilibili Gaming,245.51
1281,2025-10-07 23:55:35.266586+05:00,TALON,223.95
1282,2025-10-07 23:55:35.267562+05:00,LEVIATÁN,243.18
1283,2025-10-07 23:55:35.267975+05:00,Gen.G,253.02
1284,2025-10-07 23:55:35.268382+05:00,FUT Esports,318.99
1285,2025-10-07 23:55:35.268683+05:00,EDward Gaming,263.39
1286,2025-10-07 23:55:35.268973+05:00,FunPlus Phoenix,103.03
1287,2025-10-07 23:55:35.269262+05:00,Trace Esports,264.57
1288,2025-10-07 23:55:35.269563+05:00,G2 Esports,220.02
1289,2025-10-07 23:55:35.269897+05:00,Paper Rex,317.93
1290,2025-10-07 23:55:35.270189+05:00,KRÜ Esports,240.17
1291,2025-10-07 23:55:35.270475+05:00,FNATIC,240.96
1292,2025-10-07 23:55:35.270792+05:00,DRX,233.02
1293,2025-10-07 23:55:35.271120+05:00,Team Heretics,202.06
1294,2025-10-07 23:55:35.271414+05:00,Team Vitality,236.98
1295,2025-10-07 23:55:35.271701+05:00,Sentinels,266.73
1296,2025-10-07 23:55:35.272035+05:00,Bilibili Gaming,245.23
1297,2025-10-07 23:55:45.286446+05:00,TALON,223.18
1298,2025-10-07 23:55:45.288754+05:00,LEVIATÁN,235.49
1299,2025-10-07 23:55:45.289165+05:00,Gen.G,249.52
1300,2025-10-07 23:55:45.289518+05:00,FUT Esports,315.91
1301,2025-10-07 23:55:45.289896+05:00,EDward Gaming,269.55
1302,2025-10-07 23:55:45.290199+05:00,FunPlus Phoenix,110.62
1303,2025-10-07 23:55:45.290489+05:00,Trace Esports,260.39
1304,2025-10-07 23:55:45.290774+05:00,G2 Esports,224.80
1305,2025-10-07 23:55:45.291102+05:00,Paper Rex,321.24
1306,2025-10-07 23:55:45.291403+05:00,KRÜ Esports,249.88
1307,2025-10-07 23:55:45.291693+05:00,FNATIC,233.19
1308,2025-10-07 23:55:45.291981+05:00,DRX,234.72
1309,2025-10-07 23:55:45.292285+05:00,Team Heretics,200.00
1310,2025-10-07 23:55:45.292584+05:00,Team Vitality,229.21
1311,2025-10-07 23:55:45.292876+05:00,Sentinels,264.09
1312,2025-10-07 23:55:45.293159+05:00,Bilibili Gaming,242.67
1313,2025-10-08 12:58:32.445269+05:00,TALON,260.97
1314,2025-10-08 12:58:32.462556+05:00,LEVIATÁN,239.57
1315,2025-10-08 12:58:32.463277+05:00,Gen.G,220.34
1316,2025-10-08 12:58:32.463809+05:00,FUT Esports,231.04
1317,2025-10-08 12:58:32.464541+05:00,EDward Gaming,182.68
1318,2025-10-08 12:58:32.465060+05:00,FunPlus Phoenix,208.88
1319,2025-10-08 12:58:32.465728+05:00,Trace Esports,200.37
1320,2025-10-08 12:58:32.466407+05:00,G2 Esports,206.69
1321,2025-10-08 12:58:32.467160+05:00,Paper Rex,195.76
1322,2025-10-08 12:58:32.467905+05:00,KRÜ Esports,224.57
1323,2025-10-08 12:58:32.468507+05:00,FNATIC,243.67
1324,2025-10-08 12:58:32.469101+05:00,DRX,177.74
1325,2025-10-08 12:58:32.469696+05:00,Team Heretics,206.18
1326,2025-10-08 12:58:32.470315+05:00,Team Vitality,181.99
1327,2025-10-08 12:58:32.470964+05:00,Sentinels,197.20
1328,2025-10-08 12:58:32.471603+05:00,Bilibili Gaming,236.35
1329,2025-10-08 12:58:42.487339+05:00,TALON,257.34
1330,2025-10-08 12:58:42.488157+05:00,LEVIATÁN,238.85
1331,2025-10-08 12:58:42.488824+05:00,Gen.G,223.37
1332,2025-10-08 12:58:42.489448+05:00,FUT Esports,224.74
1333,2025-10-08 12:58:42.490042+05:00,EDward Gaming,174.00
1334,2025-10-08 12:58:42.490532+05:00,FunPlus Phoenix,214.71
1335,2025-10-08 12:58:42.490973+05:00,Trace Esports,196.63
1336,2025-10-08 12:58:42.491433+05:00,G2 Esports,215.70
1337,2025-10-08 12:58:42.491895+05:00,Paper Rex,199.21
1338,2025-10-08 12:58:42.492350+05:00,KRÜ Esports,220.15
1339,2025-10-08 12:58:42.492829+05:00,FNATIC,249.74
1340,2025-10-08 12:58:42.493291+05:00,DRX,179.39
1341,2025-10-08 12:58:42.493730+05:00,Team Heretics,205.66
1342,2025-10-08 12:58:42.494186+05:00,Team Vitality,172.02
1343,2025-10-08 12:58:42.494650+05:00,Sentinels,206.97
1344,2025-10-08 12:58:42.495106+05:00,Bilibili Gaming,245.28
1345,2025-10-08 12:58:52.498764+05:00,TALON,259.56
1346,2025-10-08 12:58:52.499532+05:00,LEVIATÁN,246.16
1347,2025-10-08 12:58:52.500164+05:00,Gen.G,230.94
1348,2025-10-08 12:58:52.500786+05:00,FUT Esports,226.23
1349,2025-10-08 12:58:52.501338+05:00,EDward Gaming,172.26
1350,2025-10-08 12:58:52.502039+05:00,FunPlus Phoenix,216.72
1351,2025-10-08 12:58:52.502630+05:00,Trace Esports,188.87
1352,2025-10-08 12:58:52.503193+05:00,G2 Esports,206.31
1353,2025-10-08 12:58:52.503772+05:00,Paper Rex,203.76
1354,2025-10-08 12:58:52.504370+05:00,KRÜ Esports,211.90
1355,2025-10-08 12:58:52.505002+05:00,FNATIC,243.83
1356,2025-10-08 12:58:52.505548+05:00,DRX,177.67
1357,2025-10-08 12:58:52.506116+05:00,Team Heretics,209.18
1358,2025-10-08 12:58:52.506682+05:00,Team Vitality,176.52
1359,2025-10-08 12:58:52.508243+05:00,Sentinels,207.03
1360,2025-10-08 12:58:52.508772+05:00,Bilibili Gaming,240.57
1361,2025-10-08 12:59:02.514819+05:00,TALON,254.60
1362,2025-10-08 12:59:02.517113+05:00,LEVIATÁN,249.54
1363,2025-10-08 12:59:02.517775+05:00,Gen.G,225.44
1364,2025-10-08 12:59:02.518267+05:00,FUT Esports,230.72
1365,2025-10-08 12:59:02.518844+05:00,EDward Gaming,163.53
1366,2025-10-08 12:59:02.519316+05:00,FunPlus Phoenix,218.24
1367,2025-10-08 12:59:02.519799+05:00,Trace Esports,188.31
1368,2025-10-08 12:59:02.520564+05:00,G2 Esports,207.77
1369,2025-10-08 12:59:02.521196+05:00,Paper Rex,194.82
1370,2025-10-08 12:59:02.521783+05:00,KRÜ Esports,206.49
1371,2025-10-08 12:59:02.522337+05:00,FNATIC,253.13
1372,2025-10-08 12:59:02.522901+05:00,DRX,181.33
1373,2025-10-08 12:59:02.523404+05:00,Team Heretics,207.16
1374,2025-10-08 12:59:02.523872+05:00,Team Vitality,167.27
1375,2025-10-08 12:59:02.524317+05:00,Sentinels,205.10
1376,2025-10-08 12:59:02.524762+05:00,Bilibili Gaming,231.02
1377,2025-10-08 12:59:12.530789+05:00,TALON,248.04
1378,2025-10-08 12:59:12.534374+05:00,LEVIATÁN,251.51
1379,2025-10-08 12:59:12.535084+05:00,Gen.G,226.36
1380,2025-10-08 12:59:12.535625+05:00,FUT Esports,235.03
1381,2025-10-08 12:59:12.536113+05:00,EDward Gaming,160.76
1382,2025-10-08 12:59:12.536602+05:00,FunPlus Phoenix,209.54
1383,2025-10-08 12:59:12.537092+05:00,Trace Esports,186.96
1384,2025-10-08 12:59:12.537545+05:00,G2 Esports,204.91
1385,2025-10-08 12:59:12.538034+05:00,Paper Rex,203.09
1386,2025-10-08 12:59:12.538512+05:00,KRÜ Esports,198.66
1387,2025-10-08 12:59:12.538975+05:00,FNATIC,251.74
1388,2025-10-08 12:59:12.539474+05:00,DRX,172.72
1389,2025-10-08 12:59:12.539953+05:00,Team Heretics,216.68
1390,2025-10-08 12:59:12.540416+05:00,Team Vitality,170.71
1391,2025-10-08 12:59:12.540889+05:00,Sentinels,201.58
1392,2025-10-08 12:59:12.541345+05:00,Bilibili Gaming,240.80
1393,2025-10-08 12:59:22.557634+05:00,TALON,241.95
1394,2025-10-08 12:59:22.560306+05:00,LEVIATÁN,253.92
1395,2025-10-08 12:59:22.560976+05:00,Gen.G,231.48
1396,2025-10-08 12:59:22.561459+05:00,FUT Esports,240.56
1397,2025-10-08 12:59:22.561899+05:00,EDward Gaming,162.71
1398,2025-10-08 12:59:22.562375+05:00,FunPlus Phoenix,215.65
1399,2025-10-08 12:59:22.562848+05:00,Trace Esports,188.93
1400,2025-10-08 12:59:22.563306+05:00,G2 Esports,200.37
1401,2025-10-08 12:59:22.563796+05:00,Paper Rex,205.55
1402,2025-10-08 12:59:22.564265+05:00,KRÜ Esports,189.98
1403,2025-10-08 12:59:22.564709+05:00,FNATIC,255.36
1404,2025-10-08 12:59:22.565198+05:00,DRX,167.27
1405,2025-10-08 12:59:22.565664+05:00,Team Heretics,215.32
1406,2025-10-08 12:59:22.566108+05:00,Team Vitality,174.40
1407,2025-10-08 12:59:22.566574+05:00,Sentinels,191.68
1408,2025-10-08 12:59:22.567040+05:00,Bilibili Gaming,243.96
1409,2025-10-08 12:59:32.578344+05:00,TALON,239.26
1410,2025-10-08 12:59:32.581203+05:00,LEVIATÁN,259.03
1411,2025-10-08 12:59:32.581828+05:00,Gen.G,223.93
1412,2025-10-08 12:59:32.582386+05:00,FUT Esports,241.44
1413,2025-10-08 12:59:32.582862+05:00,EDward Gaming,153.69
1414,2025-10-08 12:59:32.583305+05:00,FunPlus Phoenix,215.74
1415,2025-10-08 12:59:32.583764+05:00,Trace Esports,179.43
1416,2025-10-08 12:59:32.584234+05:00,G2 Esports,200.93
1417,2025-10-08 12:59:32.584677+05:00,Paper Rex,210.12
1418,2025-10-08 12:59:32.585137+05:00,KRÜ Esports,195.85
1419,2025-10-08 12:59:32.585606+05:00,FNATIC,257.69
1420,2025-10-08 12:59:32.586067+05:00,DRX,165.99
1421,2025-10-08 12:59:32.586527+05:00,Team Heretics,220.39
1422,2025-10-08 12:59:32.586991+05:00,Team Vitality,172.61
1423,2025-10-08 12:59:32.587434+05:00,Sentinels,187.62
1424,2025-10-08 12:59:32.588002+05:00,Bilibili Gaming,234.47
1425,2025-10-08 12:59:42.595247+05:00,TALON,234.87
1426,2025-10-08 12:59:42.597880+05:00,LEVIATÁN,266.16
1427,2025-10-08 12:59:42.598711+05:00,Gen.G,222.81
1428,2025-10-08 12:59:42.599543+05:00,FUT Esports,246.76
1429,2025-10-08 12:59:42.600181+05:00,EDward Gaming,156.27
1430,2025-10-08 12:59:42.600802+05:00,FunPlus Phoenix,206.42
1431,2025-10-08 12:59:42.601450+05:00,Trace Esports,170.51
1432,2025-10-08 12:59:42.602028+05:00,G2 Esports,203.25
1433,2025-10-08 12:59:42.602677+05:00,Paper Rex,204.21
1434,2025-10-08 12:59:42.603227+05:00,KRÜ Esports,204.47
1435,2025-10-08 12:59:42.603826+05:00,FNATIC,262.28
1436,2025-10-08 12:59:42.604407+05:00,DRX,173.44
1437,2025-10-08 12:59:42.604951+05:00,Team Heretics,212.54
1438,2025-10-08 12:59:42.605565+05:00,Team Vitality,173.14
1439,2025-10-08 12:59:42.608283+05:00,Sentinels,193.79
1440,2025-10-08 12:59:42.608877+05:00,Bilibili Gaming,233.56
1441,2025-10-08 12:59:52.621293+05:00,TALON,237.57
1442,2025-10-08 12:59:52.623437+05:00,LEVIATÁN,266.93
1443,2025-10-08 12:59:52.623915+05:00,Gen.G,226.37
1444,2025-10-08 12:59:52.624369+05:00,FUT Esports,249.51
1445,2025-10-08 12:59:52.624828+05:00,EDward Gaming,162.88
1446,2025-10-08 12:59:52.625284+05:00,FunPlus Phoenix,199.79
1447,2025-10-08 12:59:52.625748+05:00,Trace Esports,167.69
1448,2025-10-08 12:59:52.626276+05:00,G2 Esports,194.44
1449,2025-10-08 12:59:52.626754+05:00,Paper Rex,204.83
1450,2025-10-08 12:59:52.627197+05:00,KRÜ Esports,206.22
1451,2025-10-08 12:59:52.627808+05:00,FNATIC,261.06
1452,2025-10-08 12:59:52.628314+05:00,DRX,178.88
1453,2025-10-08 12:59:52.628770+05:00,Team Heretics,209.22
1454,2025-10-08 12:59:52.629237+05:00,Team Vitality,169.51
1455,2025-10-08 12:59:52.629689+05:00,Sentinels,199.54
1456,2025-10-08 12:59:52.630159+05:00,Bilibili Gaming,238.77
1457,2025-10-08 13:00:02.639007+05:00,TALON,238.47
1458,2025-10-08 13:00:02.640031+05:00,LEVIATÁN,268.16
1459,2025-10-08 13:00:02.640586+05:00,Gen.G,223.40
1460,2025-10-08 13:00:02.641064+05:00,FUT Esports,252.91
1461,2025-10-08 13:00:02.641741+05:00,EDward Gaming,157.43
1462,2025-10-08 13:00:02.642321+05:00,FunPlus Phoenix,193.38
1463,2025-10-08 13:00:02.642849+05:00,Trace Esports,158.78
1464,2025-10-08 13:00:02.643342+05:00,G2 Esports,193.55
1465,2025-10-08 13:00:02.643811+05:00,Paper Rex,203.95
1466,2025-10-08 13:00:02.644452+05:00,KRÜ Esports,203.01
1467,2025-10-08 13:00:02.645066+05:00,FNATIC,263.63
1468,2025-10-08 13:00:02.645574+05:00,DRX,170.77
1469,2025-10-08 13:00:02.646034+05:00,Team Heretics,213.71
1470,2025-10-08 13:00:02.646541+05:00,Team Vitality,166.92
1471,2025-10-08 13:00:02.647044+05:00,Sentinels,191.35
1472,2025-10-08 13:00:02.647565+05:00,Bilibili Gaming,246.78
1473,2025-10-08 13:00:12.649609+05:00,TALON,241.37
1474,2025-10-08 13:00:12.650659+05:00,LEVIATÁN,260.74
1475,2025-10-08 13:00:12.651240+05:00,Gen.G,225.67
1476,2025-10-08 13:00:12.651759+05:00,FUT Esports,257.16
1477,2025-10-08 13:00:12.652223+05:00,EDward Gaming,159.98
1478,2025-10-08 13:00:12.652700+05:00,FunPlus Phoenix,187.39
1479,2025-10-08 13:00:12.653157+05:00,Trace Esports,157.67
1480,2025-10-08 13:00:12.653669+05:00,G2 Esports,190.53
1481,2025-10-08 13:00:12.654151+05:00,Paper Rex,206.61
1482,2025-10-08 13:00:12.655131+05:00,KRÜ Esports,205.26
1483,2025-10-08 13:00:12.655702+05:00,FNATIC,260.23
1484,2025-10-08 13:00:12.656248+05:00,DRX,168.85
1485,2025-10-08 13:00:12.656765+05:00,Team Heretics,205.98
1486,2025-10-08 13:00:12.657356+05:00,Team Vitality,165.15
1487,2025-10-08 13:00:12.657837+05:00,Sentinels,200.95
1488,2025-10-08 13:00:12.658291+05:00,Bilibili Gaming,247.61
1489,2025-10-08 13:00:22.661333+05:00,TALON,236.05
1490,2025-10-08 13:00:22.663729+05:00,LEVIATÁN,256.20
1491,2025-10-08 13:00:22.664319+05:00,Gen.G,230.38
1492,2025-10-08 13:00:22.664766+05:00,FUT Esports,260.02
1493,2025-10-08 13:00:22.665203+05:00,EDward Gaming,161.10
1494,2025-10-08 13:00:22.665674+05:00,FunPlus Phoenix,180.86
1495,2025-10-08 13:00:22.666157+05:00,Trace Esports,148.23
1496,2025-10-08 13:00:22.666601+05:00,G2 Esports,198.90
1497,2025-10-08 13:00:22.667136+05:00,Paper Rex,214.74
1498,2025-10-08 13:00:22.667643+05:00,KRÜ Esports,206.43
1499,2025-10-08 13:00:22.668243+05:00,FNATIC,265.18
1500,2025-10-08 13:00:22.668955+05:00,DRX,168.81
1501,2025-10-08 13:00:22.669557+05:00,Team Heretics,202.11
1502,2025-10-08 13:00:22.670213+05:00,Team Vitality,159.93
1503,2025-10-08 13:00:22.670979+05:00,Sentinels,206.37
1504,2025-10-08 13:00:22.671989+05:00,Bilibili Gaming,241.41
1505,2025-10-08 13:00:32.682122+05:00,TALON,236.69
1506,2025-10-08 13:00:32.685396+05:00,LEVIATÁN,257.03
1507,2025-10-08 13:00:32.686946+05:00,Gen.G,233.14
1508,2025-10-08 13:00:32.687400+05:00,FUT Esports,253.96
1509,2025-10-08 13:00:32.687871+05:00,EDward Gaming,157.08
1510,2025-10-08 13:00:32.688352+05:00,FunPlus Phoenix,190.10
1511,2025-10-08 13:00:32.688830+05:00,Trace Esports,146.93
1512,2025-10-08 13:00:32.689286+05:00,G2 Esports,191.84
1513,2025-10-08 13:00:32.689725+05:00,Paper Rex,212.87
1514,2025-10-08 13:00:32.690184+05:00,KRÜ Esports,202.15
1515,2025-10-08 13:00:32.690638+05:00,FNATIC,261.41
1516,2025-10-08 13:00:32.691087+05:00,DRX,176.80
1517,2025-10-08 13:00:32.691551+05:00,Team Heretics,194.40
1518,2025-10-08 13:00:32.692005+05:00,Team Vitality,151.38
1519,2025-10-08 13:00:32.692447+05:00,Sentinels,203.84
1520,2025-10-08 13:00:32.692931+05:00,Bilibili Gaming,237.01
1521,2025-10-08 13:00:42.703636+05:00,TALON,230.24
1522,2025-10-08 13:00:42.705837+05:00,LEVIATÁN,264.27
1523,2025-10-08 13:00:42.706140+05:00,Gen.G,231.18
1524,2025-10-08 13:00:42.706447+05:00,FUT Esports,254.28
1525,2025-10-08 13:00:42.706731+05:00,EDward Gaming,147.41
1526,2025-10-08 13:00:42.707014+05:00,FunPlus Phoenix,184.92
1527,2025-10-08 13:00:42.707332+05:00,Trace Esports,144.37
1528,2025-10-08 13:00:42.707637+05:00,G2 Esports,188.59
1529,2025-10-08 13:00:42.707924+05:00,Paper Rex,203.20
1530,2025-10-08 13:00:42.708205+05:00,KRÜ Esports,202.51
1531,2025-10-08 13:00:42.708498+05:00,FNATIC,265.69
1532,2025-10-08 13:00:42.708803+05:00,DRX,175.97
1533,2025-10-08 13:00:42.709088+05:00,Team Heretics,191.58
1534,2025-10-08 13:00:42.709368+05:00,Team Vitality,159.78
1535,2025-10-08 13:00:42.709659+05:00,Sentinels,201.84
1536,2025-10-08 13:00:42.709956+05:00,Bilibili Gaming,241.37
1537,2025-10-08 13:00:52.720246+05:00,TALON,238.92
1538,2025-10-08 13:00:52.720968+05:00,LEVIATÁN,259.06
1539,2025-10-08 13:00:52.721330+05:00,Gen.G,229.20
1540,2025-10-08 13:00:52.721625+05:00,FUT Esports,258.77
1541,2025-10-08 13:00:52.721913+05:00,EDward Gaming,148.65
1542,2025-10-08 13:00:52.722237+05:00,FunPlus Phoenix,181.20
1543,2025-10-08 13:00:52.722522+05:00,Trace Esports,147.99
1544,2025-10-08 13:00:52.722801+05:00,G2 Esports,194.42
1545,2025-10-08 13:00:52.723082+05:00,Paper Rex,205.12
1546,2025-10-08 13:00:52.723398+05:00,KRÜ Esports,209.28
1547,2025-10-08 13:00:52.724213+05:00,FNATIC,263.37
1548,2025-10-08 13:00:52.724600+05:00,DRX,171.66
1549,2025-10-08 13:00:52.724887+05:00,Team Heretics,188.70
1550,2025-10-08 13:00:52.725171+05:00,Team Vitality,152.32
1551,2025-10-08 13:00:52.725475+05:00,Sentinels,200.22
1552,2025-10-08 13:00:52.725766+05:00,Bilibili Gaming,251.16
1553,2025-10-08 13:01:02.740372+05:00,TALON,236.75
1554,2025-10-08 13:01:02.742100+05:00,LEVIATÁN,255.91
1555,2025-10-08 13:01:02.742432+05:00,Gen.G,224.85
1556,2025-10-08 13:01:02.742728+05:00,FUT Esports,259.43
1557,2025-10-08 13:01:02.742982+05:00,EDward Gaming,139.47
1558,2025-10-08 13:01:02.743208+05:00,FunPlus Phoenix,187.09
1559,2025-10-08 13:01:02.743458+05:00,Trace Esports,151.69
1560,2025-10-08 13:01:02.743704+05:00,G2 Esports,201.81
1561,2025-10-08 13:01:02.743970+05:00,Paper Rex,195.79
1562,2025-10-08 13:01:02.744195+05:00,KRÜ Esports,205.31
1563,2025-10-08 13:01:02.744425+05:00,FNATIC,255.94
1564,2025-10-08 13:01:02.744677+05:00,DRX,178.69
1565,2025-10-08 13:01:02.744914+05:00,Team Heretics,185.62
1566,2025-10-08 13:01:02.745147+05:00,Team Vitality,153.69
1567,2025-10-08 13:01:02.745359+05:00,Sentinels,196.43
1568,2025-10-08 13:01:02.745586+05:00,Bilibili Gaming,254.60
1569,2025-10-08 13:01:12.747699+05:00,TALON,237.30
1570,2025-10-08 13:01:12.750016+05:00,LEVIATÁN,254.35
1571,2025-10-08 13:01:12.750607+05:00,Gen.G,221.21
1572,2025-10-08 13:01:12.751027+05:00,FUT Esports,262.33
1573,2025-10-08 13:01:12.751349+05:00,EDward Gaming,139.15
1574,2025-10-08 13:01:12.751650+05:00,FunPlus Phoenix,178.50
1575,2025-10-08 13:01:12.751956+05:00,Trace Esports,151.80
1576,2025-10-08 13:01:12.752260+05:00,G2 Esports,203.69
1577,2025-10-08 13:01:12.752564+05:00,Paper Rex,194.05
1578,2025-10-08 13:01:12.752853+05:00,KRÜ Esports,207.00
1579,2025-10-08 13:01:12.753138+05:00,FNATIC,253.93
1580,2025-10-08 13:01:12.753437+05:00,DRX,182.42
1581,2025-10-08 13:01:12.753738+05:00,Team Heretics,182.27
1582,2025-10-08 13:01:12.754028+05:00,Team Vitality,159.66
1583,2025-10-08 13:01:12.754313+05:00,Sentinels,203.65
1584,2025-10-08 13:01:12.754616+05:00,Bilibili Gaming,247.41
1585,2025-10-08 13:01:22.768625+05:00,TALON,242.03
1586,2025-10-08 13:01:22.771155+05:00,LEVIATÁN,263.15
1587,2025-10-08 13:01:22.771594+05:00,Gen.G,226.88
1588,2025-10-08 13:01:22.772010+05:00,FUT Esports,262.54
1589,2025-10-08 13:01:22.772404+05:00,EDward Gaming,146.11
1590,2025-10-08 13:01:22.772758+05:00,FunPlus Phoenix,179.26
1591,2025-10-08 13:01:22.773139+05:00,Trace Esports,146.12
1592,2025-10-08 13:01:22.773446+05:00,G2 Esports,197.63
1593,2025-10-08 13:01:22.773724+05:00,Paper Rex,196.41
1594,2025-10-08 13:01:22.774066+05:00,KRÜ Esports,213.20
1595,2025-10-08 13:01:22.774467+05:00,FNATIC,259.57
1596,2025-10-08 13:01:22.774810+05:00,DRX,183.12
1597,2025-10-08 13:01:22.775132+05:00,Team Heretics,173.43
1598,2025-10-08 13:01:22.775420+05:00,Team Vitality,154.63
1599,2025-10-08 13:01:22.775710+05:00,Sentinels,195.07
1600,2025-10-08 13:01:22.775983+05:00,Bilibili Gaming,244.55
1601,2025-10-08 13:01:32.780405+05:00,TALON,232.65
1602,2025-10-08 13:01:32.780941+05:00,LEVIATÁN,260.69
1603,2025-10-08 13:01:32.781382+05:00,Gen.G,233.56
1604,2025-10-08 13:01:32.781695+05:00,FUT Esports,256.21
1605,2025-10-08 13:01:32.782184+05:00,EDward Gaming,146.43
1606,2025-10-08 13:01:32.782561+05:00,FunPlus Phoenix,188.82
1607,2025-10-08 13:01:32.782912+05:00,Trace Esports,147.82
1608,2025-10-08 13:01:32.783227+05:00,G2 Esports,198.50
1609,2025-10-08 13:01:32.783514+05:00,Paper Rex,199.89
1610,2025-10-08 13:01:32.783793+05:00,KRÜ Esports,222.92
1611,2025-10-08 13:01:32.784090+05:00,FNATIC,265.19
1612,2025-10-08 13:01:32.784402+05:00,DRX,188.96
1613,2025-10-08 13:01:32.784692+05:00,Team Heretics,181.78
1614,2025-10-08 13:01:32.784973+05:00,Team Vitality,158.37
1615,2025-10-08 13:01:32.785266+05:00,Sentinels,193.44
1616,2025-10-08 13:01:32.785566+05:00,Bilibili Gaming,237.39
1617,2025-10-08 13:01:42.795002+05:00,TALON,227.96
1618,2025-10-08 13:01:42.795463+05:00,LEVIATÁN,258.65
1619,2025-10-08 13:01:42.795751+05:00,Gen.G,241.42
1620,2025-10-08 13:01:42.796007+05:00,FUT Esports,248.88
1621,2025-10-08 13:01:42.796253+05:00,EDward Gaming,156.41
1622,2025-10-08 13:01:42.796503+05:00,FunPlus Phoenix,198.41
1623,2025-10-08 13:01:42.796750+05:00,Trace Esports,151.43
1624,2025-10-08 13:01:42.796993+05:00,G2 Esports,188.63
1625,2025-10-08 13:01:42.797221+05:00,Paper Rex,196.73
1626,2025-10-08 13:01:42.797459+05:00,KRÜ Esports,225.13
1627,2025-10-08 13:01:42.797692+05:00,FNATIC,255.83
1628,2025-10-08 13:01:42.797936+05:00,DRX,183.93
1629,2025-10-08 13:01:42.798196+05:00,Team Heretics,191.49
1630,2025-10-08 13:01:42.798452+05:00,Team Vitality,163.46
1631,2025-10-08 13:01:42.798726+05:00,Sentinels,202.58
1632,2025-10-08 13:01:42.798968+05:00,Bilibili Gaming,229.18
1633,2025-10-08 13:01:52.807427+05:00,TALON,226.84
1634,2025-10-08 13:01:52.809541+05:00,LEVIATÁN,263.70
1635,2025-10-08 13:01:52.809981+05:00,Gen.G,241.79
1636,2025-10-08 13:01:52.810416+05:00,FUT Esports,244.60
1637,2025-10-08 13:01:52.810778+05:00,EDward Gaming,164.96
1638,2025-10-08 13:01:52.811062+05:00,FunPlus Phoenix,199.73
1639,2025-10-08 13:01:52.811342+05:00,Trace Esports,151.33
1640,2025-10-08 13:01:52.811638+05:00,G2 Esports,192.46
1641,2025-10-08 13:01:52.811986+05:00,Paper Rex,199.79
1642,2025-10-08 13:01:52.812272+05:00,KRÜ Esports,222.07
1643,2025-10-08 13:01:52.812551+05:00,FNATIC,258.44
1644,2025-10-08 13:01:52.812868+05:00,DRX,190.36
1645,2025-10-08 13:01:52.813187+05:00,Team Heretics,197.56
1646,2025-10-08 13:01:52.813469+05:00,Team Vitality,156.00
1647,2025-10-08 13:01:52.813747+05:00,Sentinels,199.49
1648,2025-10-08 13:01:52.814041+05:00,Bilibili Gaming,228.37
1649,2025-10-08 13:02:02.818007+05:00,TALON,218.18
1650,2025-10-08 13:02:02.819015+05:00,LEVIATÁN,265.21
1651,2025-10-08 13:02:02.819349+05:00,Gen.G,249.69
1652,2025-10-08 13:02:02.819639+05:00,FUT Esports,248.04
1653,2025-10-08 13:02:02.819943+05:00,EDward Gaming,173.95
1654,2025-10-08 13:02:02.820274+05:00,FunPlus Phoenix,203.25
1655,2025-10-08 13:02:02.820558+05:00,Trace Esports,150.59
1656,2025-10-08 13:02:02.820838+05:00,G2 Esports,201.05
1657,2025-10-08 13:02:02.821118+05:00,Paper Rex,190.20
1658,2025-10-08 13:02:02.821425+05:00,KRÜ Esports,222.08
1659,2025-10-08 13:02:02.821705+05:00,FNATIC,254.56
1660,2025-10-08 13:02:02.821987+05:00,DRX,180.52
1661,2025-10-08 13:02:02.822266+05:00,Team Heretics,195.72
1662,2025-10-08 13:02:02.822551+05:00,Team Vitality,149.92
1663,2025-10-08 13:02:02.822830+05:00,Sentinels,195.50
1664,2025-10-08 13:02:02.823109+05:00,Bilibili Gaming,226.77
1665,2025-10-08 13:02:12.824154+05:00,TALON,222.72
1666,2025-10-08 13:02:12.824792+05:00,LEVIATÁN,260.85
1667,2025-10-08 13:02:12.825261+05:00,Gen.G,246.77
1668,2025-10-08 13:02:12.825596+05:00,FUT Esports,244.21
1669,2025-10-08 13:02:12.825931+05:00,EDward Gaming,172.75
1670,2025-10-08 13:02:12.826250+05:00,FunPlus Phoenix,205.95
1671,2025-10-08 13:02:12.826568+05:00,Trace Esports,149.79
1672,2025-10-08 13:02:12.826885+05:00,G2 Esports,207.16
1673,2025-10-08 13:02:12.827199+05:00,Paper Rex,187.66
1674,2025-10-08 13:02:12.827503+05:00,KRÜ Esports,231.24
1675,2025-10-08 13:02:12.827817+05:00,FNATIC,263.73
1676,2025-10-08 13:02:12.828142+05:00,DRX,179.87
1677,2025-10-08 13:02:12.828501+05:00,Team Heretics,189.20
1678,2025-10-08 13:02:12.828848+05:00,Team Vitality,152.40
1679,2025-10-08 13:02:12.829272+05:00,Sentinels,190.07
1680,2025-10-08 13:02:12.829664+05:00,Bilibili Gaming,231.59
1681,2025-10-08 13:02:22.836251+05:00,TALON,219.95
1682,2025-10-08 13:02:22.837185+05:00,LEVIATÁN,264.38
1683,2025-10-08 13:02:22.837591+05:00,Gen.G,245.69
1684,2025-10-08 13:02:22.837902+05:00,FUT Esports,248.80
1685,2025-10-08 13:02:22.838185+05:00,EDward Gaming,176.29
1686,2025-10-08 13:02:22.838484+05:00,FunPlus Phoenix,196.98
1687,2025-10-08 13:02:22.838788+05:00,Trace Esports,142.24
1688,2025-10-08 13:02:22.839069+05:00,G2 Esports,197.85
1689,2025-10-08 13:02:22.839395+05:00,Paper Rex,196.75
1690,2025-10-08 13:02:22.839729+05:00,KRÜ Esports,229.86
1691,2025-10-08 13:02:22.840042+05:00,FNATIC,272.53
1692,2025-10-08 13:02:22.840342+05:00,DRX,179.69
1693,2025-10-08 13:02:22.840624+05:00,Team Heretics,198.06
1694,2025-10-08 13:02:22.840917+05:00,Team Vitality,152.84
1695,2025-10-08 13:02:22.841214+05:00,Sentinels,181.44
1696,2025-10-08 13:02:22.841498+05:00,Bilibili Gaming,237.38
1697,2025-10-08 13:02:32.851416+05:00,TALON,212.08
1698,2025-10-08 13:02:32.852302+05:00,LEVIATÁN,258.05
1699,2025-10-08 13:02:32.852620+05:00,Gen.G,237.28
1700,2025-10-08 13:02:32.852911+05:00,FUT Esports,241.74
1701,2025-10-08 13:02:32.853191+05:00,EDward Gaming,175.15
1702,2025-10-08 13:02:32.853480+05:00,FunPlus Phoenix,206.10
1703,2025-10-08 13:02:32.853778+05:00,Trace Esports,151.18
1704,2025-10-08 13:02:32.854057+05:00,G2 Esports,202.72
1705,2025-10-08 13:02:32.854337+05:00,Paper Rex,201.80
1706,2025-10-08 13:02:32.854637+05:00,KRÜ Esports,221.52
1707,2025-10-08 13:02:32.854919+05:00,FNATIC,270.60
1708,2025-10-08 13:02:32.855194+05:00,DRX,181.44
1709,2025-10-08 13:02:32.855475+05:00,Team Heretics,196.56
1710,2025-10-08 13:02:32.855791+05:00,Team Vitality,147.52
1711,2025-10-08 13:02:32.856087+05:00,Sentinels,182.89
1712,2025-10-08 13:02:32.856374+05:00,Bilibili Gaming,240.30
1713,2025-10-08 13:02:42.857664+05:00,TALON,203.97
1714,2025-10-08 13:02:42.858208+05:00,LEVIATÁN,253.26
1715,2025-10-08 13:02:42.858477+05:00,Gen.G,243.30
1716,2025-10-08 13:02:42.858736+05:00,FUT Esports,248.75
1717,2025-10-08 13:02:42.858955+05:00,EDward Gaming,173.70
1718,2025-10-08 13:02:42.859164+05:00,FunPlus Phoenix,210.10
1719,2025-10-08 13:02:42.859375+05:00,Trace Esports,157.40
1720,2025-10-08 13:02:42.859581+05:00,G2 Esports,208.85
1721,2025-10-08 13:02:42.859785+05:00,Paper Rex,204.06
1722,2025-10-08 13:02:42.859993+05:00,KRÜ Esports,222.67
1723,2025-10-08 13:02:42.860196+05:00,FNATIC,269.60
1724,2025-10-08 13:02:42.860399+05:00,DRX,172.89
1725,2025-10-08 13:02:42.860603+05:00,Team Heretics,197.88
1726,2025-10-08 13:02:42.860876+05:00,Team Vitality,143.28
1727,2025-10-08 13:02:42.861122+05:00,Sentinels,178.28
1728,2025-10-08 13:02:42.861454+05:00,Bilibili Gaming,241.52
1729,2025-10-08 13:02:52.865047+05:00,TALON,204.00
1730,2025-10-08 13:02:52.867704+05:00,LEVIATÁN,245.33
1731,2025-10-08 13:02:52.868101+05:00,Gen.G,234.53
1732,2025-10-08 13:02:52.868477+05:00,FUT Esports,257.86
1733,2025-10-08 13:02:52.868887+05:00,EDward Gaming,165.18
1734,2025-10-08 13:02:52.869199+05:00,FunPlus Phoenix,202.07
1735,2025-10-08 13:02:52.869482+05:00,Trace Esports,154.33
1736,2025-10-08 13:02:52.869762+05:00,G2 Esports,215.91
1737,2025-10-08 13:02:52.870134+05:00,Paper Rex,199.28
1738,2025-10-08 13:02:52.870520+05:00,KRÜ Esports,218.54
1739,2025-10-08 13:02:52.870865+05:00,FNATIC,261.79
1740,2025-10-08 13:02:52.871170+05:00,DRX,174.88
1741,2025-10-08 13:02:52.871465+05:00,Team Heretics,205.39
1742,2025-10-08 13:02:52.871752+05:00,Team Vitality,142.69
1743,2025-10-08 13:02:52.872034+05:00,Sentinels,168.97
1744,2025-10-08 13:02:52.872340+05:00,Bilibili Gaming,250.25
1745,2025-10-08 13:03:02.880079+05:00,TALON,198.12
1746,2025-10-08 13:03:02.880540+05:00,LEVIATÁN,246.62
1747,2025-10-08 13:03:02.880808+05:00,Gen.G,228.02
1748,2025-10-08 13:03:02.881056+05:00,FUT Esports,262.00
1749,2025-10-08 13:03:02.881327+05:00,EDward Gaming,159.10
1750,2025-10-08 13:03:02.881589+05:00,FunPlus Phoenix,211.62
1751,2025-10-08 13:03:02.881815+05:00,Trace Esports,161.65
1752,2025-10-08 13:03:02.882040+05:00,G2 Esports,210.40
1753,2025-10-08 13:03:02.882330+05:00,Paper Rex,196.82
1754,2025-10-08 13:03:02.882552+05:00,KRÜ Esports,223.41
1755,2025-10-08 13:03:02.882770+05:00,FNATIC,252.50
1756,2025-10-08 13:03:02.882985+05:00,DRX,183.56
1757,2025-10-08 13:03:02.883198+05:00,Team Heretics,199.66
1758,2025-10-08 13:03:02.883421+05:00,Team Vitality,136.56
1759,2025-10-08 13:03:02.883642+05:00,Sentinels,167.23
1760,2025-10-08 13:03:02.883889+05:00,Bilibili Gaming,240.53
1761,2025-10-08 13:03:12.898664+05:00,TALON,202.28
1762,2025-10-08 13:03:12.899144+05:00,LEVIATÁN,242.76
1763,2025-10-08 13:03:12.899388+05:00,Gen.G,223.14
1764,2025-10-08 13:03:12.899673+05:00,FUT Esports,265.63
1765,2025-10-08 13:03:12.899927+05:00,EDward Gaming,157.48
1766,2025-10-08 13:03:12.900179+05:00,FunPlus Phoenix,203.52
1767,2025-10-08 13:03:12.900400+05:00,Trace Esports,166.08
1768,2025-10-08 13:03:12.900627+05:00,G2 Esports,219.54
1769,2025-10-08 13:03:12.900899+05:00,Paper Rex,206.25
1770,2025-10-08 13:03:12.901150+05:00,KRÜ Esports,214.17
1771,2025-10-08 13:03:12.901381+05:00,FNATIC,246.92
1772,2025-10-08 13:03:12.901600+05:00,DRX,190.34
1773,2025-10-08 13:03:12.901833+05:00,Team Heretics,193.18
1774,2025-10-08 13:03:12.902060+05:00,Team Vitality,145.50
1775,2025-10-08 13:03:12.902274+05:00,Sentinels,170.47
1776,2025-10-08 13:03:12.902493+05:00,Bilibili Gaming,242.06
1777,2025-10-08 13:03:22.904284+05:00,TALON,203.96
1778,2025-10-08 13:03:22.904892+05:00,LEVIATÁN,237.91
1779,2025-10-08 13:03:22.905195+05:00,Gen.G,231.19
1780,2025-10-08 13:03:22.905508+05:00,FUT Esports,259.23
1781,2025-10-08 13:03:22.905768+05:00,EDward Gaming,152.60
1782,2025-10-08 13:03:22.906019+05:00,FunPlus Phoenix,212.72
1783,2025-10-08 13:03:22.906282+05:00,Trace Esports,174.93
1784,2025-10-08 13:03:22.906538+05:00,G2 Esports,218.57
1785,2025-10-08 13:03:22.906786+05:00,Paper Rex,210.18
1786,2025-10-08 13:03:22.906996+05:00,KRÜ Esports,214.59
1787,2025-10-08 13:03:22.907222+05:00,FNATIC,246.36
1788,2025-10-08 13:03:22.907481+05:00,DRX,182.67
1789,2025-10-08 13:03:22.907721+05:00,Team Heretics,198.69
1790,2025-10-08 13:03:22.907956+05:00,Team Vitality,142.59
1791,2025-10-08 13:03:22.908192+05:00,Sentinels,177.76
1792,2025-10-08 13:03:22.908393+05:00,Bilibili Gaming,250.07
1793,2025-10-08 13:03:32.922583+05:00,TALON,200.38
1794,2025-10-08 13:03:32.923042+05:00,LEVIATÁN,233.30
1795,2025-10-08 13:03:32.923309+05:00,Gen.G,226.39
1796,2025-10-08 13:03:32.923614+05:00,FUT Esports,263.68
1797,2025-10-08 13:03:32.923857+05:00,EDward Gaming,142.71
1798,2025-10-08 13:03:32.924106+05:00,FunPlus Phoenix,222.46
1799,2025-10-08 13:03:32.924339+05:00,Trace Esports,178.27
1800,2025-10-08 13:03:32.924557+05:00,G2 Esports,218.30
1801,2025-10-08 13:03:32.924792+05:00,Paper Rex,219.34
1802,2025-10-08 13:03:32.925066+05:00,KRÜ Esports,211.04
1803,2025-10-08 13:03:32.925383+05:00,FNATIC,246.34
1804,2025-10-08 13:03:32.925651+05:00,DRX,186.98
1805,2025-10-08 13:03:32.925873+05:00,Team Heretics,199.77
1806,2025-10-08 13:03:32.926104+05:00,Team Vitality,138.48
1807,2025-10-08 13:03:32.926318+05:00,Sentinels,171.70
1808,2025-10-08 13:03:32.926529+05:00,Bilibili Gaming,240.18
1809,2025-10-08 13:03:42.933422+05:00,TALON,203.49
1810,2025-10-08 13:03:42.935620+05:00,LEVIATÁN,235.67
1811,2025-10-08 13:03:42.935913+05:00,Gen.G,231.37
1812,2025-10-08 13:03:42.936199+05:00,FUT Esports,266.05
1813,2025-10-08 13:03:42.936523+05:00,EDward Gaming,139.43
1814,2025-10-08 13:03:42.936832+05:00,FunPlus Phoenix,220.82
1815,2025-10-08 13:03:42.937119+05:00,Trace Esports,169.82
1816,2025-10-08 13:03:42.937398+05:00,G2 Esports,215.32
1817,2025-10-08 13:03:42.937694+05:00,Paper Rex,219.77
1818,2025-10-08 13:03:42.937992+05:00,KRÜ Esports,214.25
1819,2025-10-08 13:03:42.938276+05:00,FNATIC,248.76
1820,2025-10-08 13:03:42.938557+05:00,DRX,182.72
1821,2025-10-08 13:03:42.938870+05:00,Team Heretics,200.15
1822,2025-10-08 13:03:42.939169+05:00,Team Vitality,141.88
1823,2025-10-08 13:03:42.939451+05:00,Sentinels,169.94
1824,2025-10-08 13:03:42.939730+05:00,Bilibili Gaming,248.80
1825,2025-10-08 13:03:52.950728+05:00,TALON,202.88
1826,2025-10-08 13:03:52.952521+05:00,LEVIATÁN,230.65
1827,2025-10-08 13:03:52.952797+05:00,Gen.G,222.54
1828,2025-10-08 13:03:52.953053+05:00,FUT Esports,268.18
1829,2025-10-08 13:03:52.953306+05:00,EDward Gaming,146.90
1830,2025-10-08 13:03:52.953552+05:00,FunPlus Phoenix,217.71
1831,2025-10-08 13:03:52.953759+05:00,Trace Esports,168.61
1832,2025-10-08 13:03:52.953963+05:00,G2 Esports,215.81
1833,2025-10-08 13:03:52.954164+05:00,Paper Rex,215.18
1834,2025-10-08 13:03:52.954371+05:00,KRÜ Esports,206.34
1835,2025-10-08 13:03:52.954572+05:00,FNATIC,242.22
1836,2025-10-08 13:03:52.954775+05:00,DRX,190.51
1837,2025-10-08 13:03:52.954981+05:00,Team Heretics,191.39
1838,2025-10-08 13:03:52.955184+05:00,Team Vitality,143.28
1839,2025-10-08 13:03:52.955388+05:00,Sentinels,164.73
1840,2025-10-08 13:03:52.955609+05:00,Bilibili Gaming,239.51
1841,2025-10-08 13:04:02.968634+05:00,TALON,193.01
1842,2025-10-08 13:04:02.972940+05:00,LEVIATÁN,235.14
1843,2025-10-08 13:04:02.973390+05:00,Gen.G,219.64
1844,2025-10-08 13:04:02.973691+05:00,FUT Esports,275.24
1845,2025-10-08 13:04:02.973999+05:00,EDward Gaming,138.14
1846,2025-10-08 13:04:02.974284+05:00,FunPlus Phoenix,212.57
1847,2025-10-08 13:04:02.974564+05:00,Trace Esports,159.65
1848,2025-10-08 13:04:02.974859+05:00,G2 Esports,220.12
1849,2025-10-08 13:04:02.975160+05:00,Paper Rex,209.60
1850,2025-10-08 13:04:02.975446+05:00,KRÜ Esports,196.80
1851,2025-10-08 13:04:02.975877+05:00,FNATIC,245.45
1852,2025-10-08 13:04:02.976162+05:00,DRX,190.44
1853,2025-10-08 13:04:02.976456+05:00,Team Heretics,187.65
1854,2025-10-08 13:04:02.976737+05:00,Team Vitality,141.81
1855,2025-10-08 13:04:02.977017+05:00,Sentinels,165.50
1856,2025-10-08 13:04:02.977305+05:00,Bilibili Gaming,235.06
1857,2025-10-08 13:04:12.992908+05:00,TALON,201.92
1858,2025-10-08 13:04:12.995079+05:00,LEVIATÁN,235.88
1859,2025-10-08 13:04:12.995528+05:00,Gen.G,226.54
1860,2025-10-08 13:04:12.995894+05:00,FUT Esports,266.14
1861,2025-10-08 13:04:12.996229+05:00,EDward Gaming,147.30
1862,2025-10-08 13:04:12.996522+05:00,FunPlus Phoenix,204.45
1863,2025-10-08 13:04:12.996828+05:00,Trace Esports,161.74
1864,2025-10-08 13:04:12.997107+05:00,G2 Esports,214.10
1865,2025-10-08 13:04:12.997388+05:00,Paper Rex,206.23
1866,2025-10-08 13:04:12.997695+05:00,KRÜ Esports,199.06
1867,2025-10-08 13:04:12.997996+05:00,FNATIC,241.54
1868,2025-10-08 13:04:12.998296+05:00,DRX,194.59
1869,2025-10-08 13:04:12.998578+05:00,Team Heretics,192.56
1870,2025-10-08 13:04:12.998886+05:00,Team Vitality,137.82
1871,2025-10-08 13:04:12.999168+05:00,Sentinels,167.40
1872,2025-10-08 13:04:12.999456+05:00,Bilibili Gaming,241.11
1873,2025-10-08 13:04:23.001124+05:00,TALON,210.38
1874,2025-10-08 13:04:23.002966+05:00,LEVIATÁN,238.08
1875,2025-10-08 13:04:23.003478+05:00,Gen.G,222.63
1876,2025-10-08 13:04:23.003952+05:00,FUT Esports,268.81
1877,2025-10-08 13:04:23.004242+05:00,EDward Gaming,149.80
1878,2025-10-08 13:04:23.004549+05:00,FunPlus Phoenix,208.49
1879,2025-10-08 13:04:23.004828+05:00,Trace Esports,160.23
1880,2025-10-08 13:04:23.005133+05:00,G2 Esports,212.67
1881,2025-10-08 13:04:23.005444+05:00,Paper Rex,200.21
1882,2025-10-08 13:04:23.005729+05:00,KRÜ Esports,204.28
1883,2025-10-08 13:04:23.006013+05:00,FNATIC,232.38
1884,2025-10-08 13:04:23.006314+05:00,DRX,201.62
1885,2025-10-08 13:04:23.006632+05:00,Team Heretics,193.96
1886,2025-10-08 13:04:23.006934+05:00,Team Vitality,130.77
1887,2025-10-08 13:04:23.007217+05:00,Sentinels,174.72
1888,2025-10-08 13:04:23.007518+05:00,Bilibili Gaming,231.89
1889,2025-10-08 13:04:33.021069+05:00,TALON,215.15
1890,2025-10-08 13:04:33.022823+05:00,LEVIATÁN,230.10
1891,2025-10-08 13:04:33.023133+05:00,Gen.G,231.11
1892,2025-10-08 13:04:33.023391+05:00,FUT Esports,268.89
1893,2025-10-08 13:04:33.023631+05:00,EDward Gaming,148.97
1894,2025-10-08 13:04:33.023873+05:00,FunPlus Phoenix,202.50
1895,2025-10-08 13:04:33.024138+05:00,Trace Esports,160.39
1896,2025-10-08 13:04:33.024378+05:00,G2 Esports,221.38
1897,2025-10-08 13:04:33.024617+05:00,Paper Rex,204.07
1898,2025-10-08 13:04:33.024870+05:00,KRÜ Esports,197.47
1899,2025-10-08 13:04:33.025123+05:00,FNATIC,237.09
1900,2025-10-08 13:04:33.025402+05:00,DRX,206.46
1901,2025-10-08 13:04:33.025632+05:00,Team Heretics,195.03
1902,2025-10-08 13:04:33.025870+05:00,Team Vitality,124.60
1903,2025-10-08 13:04:33.026130+05:00,Sentinels,180.15
1904,2025-10-08 13:04:33.026375+05:00,Bilibili Gaming,236.99
1905,2025-10-08 13:04:43.032992+05:00,TALON,219.96
1906,2025-10-08 13:04:43.034878+05:00,LEVIATÁN,229.62
1907,2025-10-08 13:04:43.035331+05:00,Gen.G,233.38
1908,2025-10-08 13:04:43.035783+05:00,FUT Esports,272.74
1909,2025-10-08 13:04:43.036162+05:00,EDward Gaming,142.88
1910,2025-10-08 13:04:43.036483+05:00,FunPlus Phoenix,210.90
1911,2025-10-08 13:04:43.036849+05:00,Trace Esports,160.11
1912,2025-10-08 13:04:43.037306+05:00,G2 Esports,226.81
1913,2025-10-08 13:04:43.037674+05:00,Paper Rex,201.28
1914,2025-10-08 13:04:43.038043+05:00,KRÜ Esports,198.59
1915,2025-10-08 13:04:43.038413+05:00,FNATIC,227.99
1916,2025-10-08 13:04:43.038757+05:00,DRX,203.56
1917,2025-10-08 13:04:43.039109+05:00,Team Heretics,197.19
1918,2025-10-08 13:04:43.039502+05:00,Team Vitality,123.80
1919,2025-10-08 13:04:43.039863+05:00,Sentinels,178.28
1920,2025-10-08 13:04:43.040250+05:00,Bilibili Gaming,236.15
1921,2025-10-08 13:04:53.042512+05:00,TALON,210.38
1922,2025-10-08 13:04:53.044470+05:00,LEVIATÁN,221.57
1923,2025-10-08 13:04:53.044793+05:00,Gen.G,237.30
1924,2025-10-08 13:04:53.045108+05:00,FUT Esports,270.76
1925,2025-10-08 13:04:53.045398+05:00,EDward Gaming,147.46
1926,2025-10-08 13:04:53.045684+05:00,FunPlus Phoenix,218.85
1927,2025-10-08 13:04:53.045972+05:00,Trace Esports,162.33
1928,2025-10-08 13:04:53.046257+05:00,G2 Esports,232.08
1929,2025-10-08 13:04:53.046550+05:00,Paper Rex,209.59
1930,2025-10-08 13:04:53.046831+05:00,KRÜ Esports,191.85
1931,2025-10-08 13:04:53.047123+05:00,FNATIC,232.11
1932,2025-10-08 13:04:53.047402+05:00,DRX,202.61
1933,2025-10-08 13:04:53.047692+05:00,Team Heretics,200.97
1934,2025-10-08 13:04:53.047973+05:00,Team Vitality,120.63
1935,2025-10-08 13:04:53.048260+05:00,Sentinels,182.03
1936,2025-10-08 13:04:53.048539+05:00,Bilibili Gaming,244.33
1937,2025-10-08 13:05:03.059320+05:00,TALON,218.89
1938,2025-10-08 13:05:03.061205+05:00,LEVIATÁN,214.02
1939,2025-10-08 13:05:03.061490+05:00,Gen.G,241.56
1940,2025-10-08 13:05:03.061756+05:00,FUT Esports,275.41
1941,2025-10-08 13:05:03.062024+05:00,EDward Gaming,152.04
1942,2025-10-08 13:05:03.062276+05:00,FunPlus Phoenix,219.80
1943,2025-10-08 13:05:03.062561+05:00,Trace Esports,168.47
1944,2025-10-08 13:05:03.062782+05:00,G2 Esports,226.09
1945,2025-10-08 13:05:03.063054+05:00,Paper Rex,205.96
1946,2025-10-08 13:05:03.063318+05:00,KRÜ Esports,193.51
1947,2025-10-08 13:05:03.063582+05:00,FNATIC,229.44
1948,2025-10-08 13:05:03.063813+05:00,DRX,204.77
1949,2025-10-08 13:05:03.064057+05:00,Team Heretics,208.23
1950,2025-10-08 13:05:03.064301+05:00,Team Vitality,120.65
1951,2025-10-08 13:05:03.064515+05:00,Sentinels,189.89
1952,2025-10-08 13:05:03.064743+05:00,Bilibili Gaming,252.37
1953,2025-10-08 13:05:13.078899+05:00,TALON,224.25
1954,2025-10-08 13:05:13.081325+05:00,LEVIATÁN,216.21
1955,2025-10-08 13:05:13.081855+05:00,Gen.G,247.31
1956,2025-10-08 13:05:13.082321+05:00,FUT Esports,273.71
1957,2025-10-08 13:05:13.082628+05:00,EDward Gaming,147.51
1958,2025-10-08 13:05:13.082915+05:00,FunPlus Phoenix,216.70
1959,2025-10-08 13:05:13.083200+05:00,Trace Esports,158.96
1960,2025-10-08 13:05:13.083493+05:00,G2 Esports,224.61
1961,2025-10-08 13:05:13.083781+05:00,Paper Rex,199.88
1962,2025-10-08 13:05:13.084064+05:00,KRÜ Esports,198.25
1963,2025-10-08 13:05:13.084349+05:00,FNATIC,227.39
1964,2025-10-08 13:05:13.084647+05:00,DRX,209.39
1965,2025-10-08 13:05:13.084930+05:00,Team Heretics,198.79
1966,2025-10-08 13:05:13.085220+05:00,Team Vitality,126.10
1967,2025-10-08 13:05:13.085498+05:00,Sentinels,190.40
1968,2025-10-08 13:05:13.085795+05:00,Bilibili Gaming,244.35
1969,2025-10-08 13:05:23.088164+05:00,TALON,224.68
1970,2025-10-08 13:05:23.088882+05:00,LEVIATÁN,223.29
1971,2025-10-08 13:05:23.089238+05:00,Gen.G,245.92
1972,2025-10-08 13:05:23.089548+05:00,FUT Esports,265.14
1973,2025-10-08 13:05:23.089834+05:00,EDward Gaming,157.50
1974,2025-10-08 13:05:23.090216+05:00,FunPlus Phoenix,213.36
1975,2025-10-08 13:05:23.090503+05:00,Trace Esports,152.95
1976,2025-10-08 13:05:23.090787+05:00,G2 Esports,229.63
1977,2025-10-08 13:05:23.091081+05:00,Paper Rex,204.67
1978,2025-10-08 13:05:23.091398+05:00,KRÜ Esports,195.43
1979,2025-10-08 13:05:23.091683+05:00,FNATIC,230.36
1980,2025-10-08 13:05:23.091968+05:00,DRX,202.89
1981,2025-10-08 13:05:23.092268+05:00,Team Heretics,202.34
1982,2025-10-08 13:05:23.092585+05:00,Team Vitality,122.49
1983,2025-10-08 13:05:23.092868+05:00,Sentinels,194.55
1984,2025-10-08 13:05:23.093148+05:00,Bilibili Gaming,240.30
1985,2025-10-08 13:05:33.095249+05:00,TALON,230.56
1986,2025-10-08 13:05:33.097377+05:00,LEVIATÁN,220.96
1987,2025-10-08 13:05:33.097672+05:00,Gen.G,249.60
1988,2025-10-08 13:05:33.097937+05:00,FUT Esports,274.82
1989,2025-10-08 13:05:33.098159+05:00,EDward Gaming,161.03
1990,2025-10-08 13:05:33.098381+05:00,FunPlus Phoenix,212.32
1991,2025-10-08 13:05:33.098588+05:00,Trace Esports,145.46
1992,2025-10-08 13:05:33.098792+05:00,G2 Esports,231.90
1993,2025-10-08 13:05:33.099012+05:00,Paper Rex,208.97
1994,2025-10-08 13:05:33.099215+05:00,KRÜ Esports,194.24
1995,2025-10-08 13:05:33.099444+05:00,FNATIC,225.26
1996,2025-10-08 13:05:33.099650+05:00,DRX,194.58
1997,2025-10-08 13:05:33.099854+05:00,Team Heretics,204.72
1998,2025-10-08 13:05:33.100062+05:00,Team Vitality,114.89
1999,2025-10-08 13:05:33.100264+05:00,Sentinels,199.55
2000,2025-10-08 13:05:33.100467+05:00,Bilibili Gaming,236.56
2001,2025-10-08 13:05:43.112816+05:00,TALON,239.50
2002,2025-10-08 13:05:43.114855+05:00,LEVIATÁN,223.78
2003,2025-10-08 13:05:43.115174+05:00,Gen.G,253.80
2004,2025-10-08 13:05:43.115474+05:00,FUT Esports,275.20
2005,2025-10-08 13:05:43.115775+05:00,EDward Gaming,163.11
2006,2025-10-08 13:05:43.116070+05:00,FunPlus Phoenix,213.83
2007,2025-10-08 13:05:43.116363+05:00,Trace Esports,144.55
2008,2025-10-08 13:05:43.116655+05:00,G2 Esports,233.56
2009,2025-10-08 13:05:43.116978+05:00,Paper Rex,212.13
2010,2025-10-08 13:05:43.117294+05:00,KRÜ Esports,185.70
2011,2025-10-08 13:05:43.117578+05:00,FNATIC,222.51
2012,2025-10-08 13:05:43.117854+05:00,DRX,196.47
2013,2025-10-08 13:05:43.118150+05:00,Team Heretics,209.41
2014,2025-10-08 13:05:43.118451+05:00,Team Vitality,122.86
2015,2025-10-08 13:05:43.118733+05:00,Sentinels,204.38
2016,2025-10-08 13:05:43.119023+05:00,Bilibili Gaming,227.51
2017,2025-10-08 13:05:53.120666+05:00,TALON,243.73
2018,2025-10-08 13:05:53.121394+05:00,LEVIATÁN,232.08
2019,2025-10-08 13:05:53.121706+05:00,Gen.G,255.82
2020,2025-10-08 13:05:53.122014+05:00,FUT Esports,280.92
2021,2025-10-08 13:05:53.122336+05:00,EDward Gaming,157.20
2022,2025-10-08 13:05:53.122626+05:00,FunPlus Phoenix,214.24
2023,2025-10-08 13:05:53.122909+05:00,Trace Esports,148.73
2024,2025-10-08 13:05:53.123192+05:00,G2 Esports,242.20
2025,2025-10-08 13:05:53.123474+05:00,Paper Rex,216.26
2026,2025-10-08 13:05:53.123789+05:00,KRÜ Esports,184.07
2027,2025-10-08 13:05:53.124095+05:00,FNATIC,224.77
2028,2025-10-08 13:05:53.124385+05:00,DRX,206.34
2029,2025-10-08 13:05:53.124677+05:00,Team Heretics,204.90
2030,2025-10-08 13:05:53.124983+05:00,Team Vitality,116.97
2031,2025-10-08 13:05:53.125305+05:00,Sentinels,204.01
2032,2025-10-08 13:05:53.125594+05:00,Bilibili Gaming,237.51
2033,2025-10-08 13:06:03.127613+05:00,TALON,245.40
2034,2025-10-08 13:06:03.128215+05:00,LEVIATÁN,236.58
2035,2025-10-08 13:06:03.128538+05:00,Gen.G,253.00
2036,2025-10-08 13:06:03.128853+05:00,FUT Esports,278.93
2037,2025-10-08 13:06:03.129154+05:00,EDward Gaming,156.89
2038,2025-10-08 13:06:03.129435+05:00,FunPlus Phoenix,209.35
2039,2025-10-08 13:06:03.129731+05:00,Trace Esports,158.54
2040,2025-10-08 13:06:03.130029+05:00,G2 Esports,251.52
2041,2025-10-08 13:06:03.130314+05:00,Paper Rex,221.11
2042,2025-10-08 13:06:03.130598+05:00,KRÜ Esports,184.05
2043,2025-10-08 13:06:03.130893+05:00,FNATIC,229.14
2044,2025-10-08 13:06:03.131182+05:00,DRX,213.28
2045,2025-10-08 13:06:03.131482+05:00,Team Heretics,196.19
2046,2025-10-08 13:06:03.131763+05:00,Team Vitality,124.57
2047,2025-10-08 13:06:03.132137+05:00,Sentinels,203.58
2048,2025-10-08 13:06:03.132622+05:00,Bilibili Gaming,234.99
2049,2025-10-08 13:06:13.136425+05:00,TALON,237.94
2050,2025-10-08 13:06:13.138541+05:00,LEVIATÁN,242.24
2051,2025-10-08 13:06:13.138947+05:00,Gen.G,246.07
2052,2025-10-08 13:06:13.139382+05:00,FUT Esports,288.72
2053,2025-10-08 13:06:13.139819+05:00,EDward Gaming,148.76
2054,2025-10-08 13:06:13.140123+05:00,FunPlus Phoenix,207.03
2055,2025-10-08 13:06:13.140407+05:00,Trace Esports,153.16
2056,2025-10-08 13:06:13.140701+05:00,G2 Esports,256.08
2057,2025-10-08 13:06:13.140999+05:00,Paper Rex,224.99
2058,2025-10-08 13:06:13.141291+05:00,KRÜ Esports,193.88
2059,2025-10-08 13:06:13.141572+05:00,FNATIC,229.54
2060,2025-10-08 13:06:13.141864+05:00,DRX,212.86
2061,2025-10-08 13:06:13.142161+05:00,Team Heretics,203.39
2062,2025-10-08 13:06:13.142447+05:00,Team Vitality,121.69
2063,2025-10-08 13:06:13.142727+05:00,Sentinels,199.81
2064,2025-10-08 13:06:13.143019+05:00,Bilibili Gaming,227.94
2065,2025-10-08 13:06:23.153280+05:00,TALON,246.58
2066,2025-10-08 13:06:23.154249+05:00,LEVIATÁN,250.36
2067,2025-10-08 13:06:23.154611+05:00,Gen.G,251.51
2068,2025-10-08 13:06:23.154921+05:00,FUT Esports,288.45
2069,2025-10-08 13:06:23.155227+05:00,EDward Gaming,158.44
2070,2025-10-08 13:06:23.155530+05:00,FunPlus Phoenix,214.01
2071,2025-10-08 13:06:23.155830+05:00,Trace Esports,146.14
2072,2025-10-08 13:06:23.156119+05:00,G2 Esports,257.12
2073,2025-10-08 13:06:23.156433+05:00,Paper Rex,216.73
2074,2025-10-08 13:06:23.156791+05:00,KRÜ Esports,201.55
2075,2025-10-08 13:06:23.157077+05:00,FNATIC,237.00
2076,2025-10-08 13:06:23.157357+05:00,DRX,205.77
2077,2025-10-08 13:06:23.157652+05:00,Team Heretics,202.39
2078,2025-10-08 13:06:23.157951+05:00,Team Vitality,114.70
2079,2025-10-08 13:06:23.158236+05:00,Sentinels,205.43
2080,2025-10-08 13:06:23.158516+05:00,Bilibili Gaming,237.24
2081,2025-10-08 13:06:33.172813+05:00,TALON,237.09
2082,2025-10-08 13:06:33.174684+05:00,LEVIATÁN,251.50
2083,2025-10-08 13:06:33.175088+05:00,Gen.G,259.75
2084,2025-10-08 13:06:33.175456+05:00,FUT Esports,279.68
2085,2025-10-08 13:06:33.175790+05:00,EDward Gaming,155.03
2086,2025-10-08 13:06:33.176087+05:00,FunPlus Phoenix,205.76
2087,2025-10-08 13:06:33.176369+05:00,Trace Esports,153.42
2088,2025-10-08 13:06:33.176685+05:00,G2 Esports,259.17
2089,2025-10-08 13:06:33.176992+05:00,Paper Rex,214.13
2090,2025-10-08 13:06:33.177267+05:00,KRÜ Esports,203.92
2091,2025-10-08 13:06:33.177572+05:00,FNATIC,245.42
2092,2025-10-08 13:06:33.177898+05:00,DRX,213.43
2093,2025-10-08 13:06:33.178239+05:00,Team Heretics,207.29
2094,2025-10-08 13:06:33.178620+05:00,Team Vitality,104.87
2095,2025-10-08 13:06:33.178933+05:00,Sentinels,197.04
2096,2025-10-08 13:06:33.179224+05:00,Bilibili Gaming,243.03
2097,2025-10-08 13:06:43.180750+05:00,TALON,241.00
2098,2025-10-08 13:06:43.183138+05:00,LEVIATÁN,258.58
2099,2025-10-08 13:06:43.183483+05:00,Gen.G,267.29
2100,2025-10-08 13:06:43.183800+05:00,FUT Esports,281.70
2101,2025-10-08 13:06:43.184091+05:00,EDward Gaming,156.09
2102,2025-10-08 13:06:43.184349+05:00,FunPlus Phoenix,203.65
2103,2025-10-08 13:06:43.184599+05:00,Trace Esports,146.90
2104,2025-10-08 13:06:43.184848+05:00,G2 Esports,259.87
2105,2025-10-08 13:06:43.185076+05:00,Paper Rex,206.69
2106,2025-10-08 13:06:43.185321+05:00,KRÜ Esports,200.96
2107,2025-10-08 13:06:43.185551+05:00,FNATIC,247.06
2108,2025-10-08 13:06:43.185801+05:00,DRX,216.53
2109,2025-10-08 13:06:43.186069+05:00,Team Heretics,204.00
2110,2025-10-08 13:06:43.186314+05:00,Team Vitality,100.38
2111,2025-10-08 13:06:43.186561+05:00,Sentinels,203.29
2112,2025-10-08 13:06:43.186828+05:00,Bilibili Gaming,243.25
2113,2025-10-08 13:06:53.200131+05:00,TALON,250.51
2114,2025-10-08 13:06:53.200885+05:00,LEVIATÁN,261.25
2115,2025-10-08 13:06:53.201242+05:00,Gen.G,257.82
2116,2025-10-08 13:06:53.201550+05:00,FUT Esports,283.94
2117,2025-10-08 13:06:53.201840+05:00,EDward Gaming,156.76
2118,2025-10-08 13:06:53.202124+05:00,FunPlus Phoenix,207.88
2119,2025-10-08 13:06:53.202421+05:00,Trace Esports,152.17
2120,2025-10-08 13:06:53.202714+05:00,G2 Esports,251.86
2121,2025-10-08 13:06:53.203051+05:00,Paper Rex,214.77
2122,2025-10-08 13:06:53.203331+05:00,KRÜ Esports,192.03
2123,2025-10-08 13:06:53.203625+05:00,FNATIC,246.79
2124,2025-10-08 13:06:53.203922+05:00,DRX,225.48
2125,2025-10-08 13:06:53.204225+05:00,Team Heretics,205.14
2126,2025-10-08 13:06:53.204508+05:00,Team Vitality,107.62
2127,2025-10-08 13:06:53.204802+05:00,Sentinels,200.75
2128,2025-10-08 13:06:53.205100+05:00,Bilibili Gaming,234.52
2129,2025-10-08 13:07:03.215440+05:00,TALON,251.12
2130,2025-10-08 13:07:03.218800+05:00,LEVIATÁN,258.95
2131,2025-10-08 13:07:03.219423+05:00,Gen.G,252.55
2132,2025-10-08 13:07:03.219954+05:00,FUT Esports,282.56
2133,2025-10-08 13:07:03.220442+05:00,EDward Gaming,157.59
2134,2025-10-08 13:07:03.221075+05:00,FunPlus Phoenix,213.50
2135,2025-10-08 13:07:03.221749+05:00,Trace Esports,153.73
2136,2025-10-08 13:07:03.222349+05:00,G2 Esports,245.42
2137,2025-10-08 13:07:03.222917+05:00,Paper Rex,208.34
2138,2025-10-08 13:07:03.223505+05:00,KRÜ Esports,193.21
2139,2025-10-08 13:07:03.224260+05:00,FNATIC,253.33
2140,2025-10-08 13:07:03.224852+05:00,DRX,225.25
2141,2025-10-08 13:07:03.225499+05:00,Team Heretics,208.71
2142,2025-10-08 13:07:03.226104+05:00,Team Vitality,103.83
2143,2025-10-08 13:07:03.226721+05:00,Sentinels,195.71
2144,2025-10-08 13:07:03.227355+05:00,Bilibili Gaming,236.09
2145,2025-10-08 13:07:13.234781+05:00,TALON,260.90
2146,2025-10-08 13:07:13.237289+05:00,LEVIATÁN,261.76
2147,2025-10-08 13:07:13.237883+05:00,Gen.G,254.51
2148,2025-10-08 13:07:13.238470+05:00,FUT Esports,283.83
2149,2025-10-08 13:07:13.239069+05:00,EDward Gaming,163.00
2150,2025-10-08 13:07:13.239582+05:00,FunPlus Phoenix,211.46
2151,2025-10-08 13:07:13.240049+05:00,Trace Esports,158.74
2152,2025-10-08 13:07:13.240522+05:00,G2 Esports,236.41
2153,2025-10-08 13:07:13.240974+05:00,Paper Rex,215.18
2154,2025-10-08 13:07:13.241477+05:00,KRÜ Esports,183.93
2155,2025-10-08 13:07:13.241956+05:00,FNATIC,260.23
2156,2025-10-08 13:07:13.242464+05:00,DRX,235.03
2157,2025-10-08 13:07:13.242919+05:00,Team Heretics,204.68
2158,2025-10-08 13:07:13.243363+05:00,Team Vitality,98.44
2159,2025-10-08 13:07:13.243942+05:00,Sentinels,197.82
2160,2025-10-08 13:07:13.244484+05:00,Bilibili Gaming,236.04
2161,2025-10-08 13:07:23.248164+05:00,TALON,253.88
2162,2025-10-08 13:07:23.251542+05:00,LEVIATÁN,257.37
2163,2025-10-08 13:07:23.252207+05:00,Gen.G,251.35
2164,2025-10-08 13:07:23.252658+05:00,FUT Esports,291.51
2165,2025-10-08 13:07:23.253103+05:00,EDward Gaming,171.64
2166,2025-10-08 13:07:23.253570+05:00,FunPlus Phoenix,207.62
2167,2025-10-08 13:07:23.254056+05:00,Trace Esports,163.17
2168,2025-10-08 13:07:23.254532+05:00,G2 Esports,229.68
2169,2025-10-08 13:07:23.254994+05:00,Paper Rex,215.16
2170,2025-10-08 13:07:23.255471+05:00,KRÜ Esports,177.09
2171,2025-10-08 13:07:23.255914+05:00,FNATIC,257.92
2172,2025-10-08 13:07:23.256374+05:00,DRX,231.69
2173,2025-10-08 13:07:23.256847+05:00,Team Heretics,212.19
2174,2025-10-08 13:07:23.257287+05:00,Team Vitality,102.01
2175,2025-10-08 13:07:23.257746+05:00,Sentinels,190.36
2176,2025-10-08 13:07:23.258299+05:00,Bilibili Gaming,236.20
2177,2025-10-08 13:07:33.268303+05:00,TALON,252.94
2178,2025-10-08 13:07:33.269226+05:00,LEVIATÁN,260.24
2179,2025-10-08 13:07:33.269802+05:00,Gen.G,253.07
2180,2025-10-08 13:07:33.270252+05:00,FUT Esports,289.48
2181,2025-10-08 13:07:33.270725+05:00,EDward Gaming,175.45
2182,2025-10-08 13:07:33.271185+05:00,FunPlus Phoenix,208.59
2183,2025-10-08 13:07:33.271635+05:00,Trace Esports,170.75
2184,2025-10-08 13:07:33.272137+05:00,G2 Esports,236.54
2185,2025-10-08 13:07:33.272622+05:00,Paper Rex,213.23
2186,2025-10-08 13:07:33.273096+05:00,KRÜ Esports,170.25
2187,2025-10-08 13:07:33.273577+05:00,FNATIC,248.00
2188,2025-10-08 13:07:33.274085+05:00,DRX,234.29
2189,2025-10-08 13:07:33.274538+05:00,Team Heretics,203.57
2190,2025-10-08 13:07:33.275034+05:00,Team Vitality,108.24
2191,2025-10-08 13:07:33.275698+05:00,Sentinels,197.70
2192,2025-10-08 13:07:33.276318+05:00,Bilibili Gaming,232.59
2193,2025-10-08 13:07:43.279574+05:00,TALON,251.94
2194,2025-10-08 13:07:43.281925+05:00,LEVIATÁN,260.53
2195,2025-10-08 13:07:43.282490+05:00,Gen.G,252.62
2196,2025-10-08 13:07:43.282983+05:00,FUT Esports,283.01
2197,2025-10-08 13:07:43.283423+05:00,EDward Gaming,183.95
2198,2025-10-08 13:07:43.283966+05:00,FunPlus Phoenix,204.28
2199,2025-10-08 13:07:43.284502+05:00,Trace Esports,169.50
2200,2025-10-08 13:07:43.284999+05:00,G2 Esports,245.57
2201,2025-10-08 13:07:43.285452+05:00,Paper Rex,215.61
2202,2025-10-08 13:07:43.285904+05:00,KRÜ Esports,177.99
2203,2025-10-08 13:07:43.286349+05:00,FNATIC,239.56
2204,2025-10-08 13:07:43.286785+05:00,DRX,229.73
2205,2025-10-08 13:07:43.287217+05:00,Team Heretics,210.72
2206,2025-10-08 13:07:43.287875+05:00,Team Vitality,108.25
2207,2025-10-08 13:07:43.288507+05:00,Sentinels,205.00
2208,2025-10-08 13:07:43.288991+05:00,Bilibili Gaming,233.39
2209,2025-10-08 13:07:53.290575+05:00,TALON,243.71
2210,2025-10-08 13:07:53.292946+05:00,LEVIATÁN,267.58
2211,2025-10-08 13:07:53.293688+05:00,Gen.G,255.21
2212,2025-10-08 13:07:53.294283+05:00,FUT Esports,277.66
2213,2025-10-08 13:07:53.294797+05:00,EDward Gaming,181.82
2214,2025-10-08 13:07:53.295356+05:00,FunPlus Phoenix,205.27
2215,2025-10-08 13:07:53.295872+05:00,Trace Esports,168.51
2216,2025-10-08 13:07:53.296552+05:00,G2 Esports,236.35
2217,2025-10-08 13:07:53.297124+05:00,Paper Rex,209.68
2218,2025-10-08 13:07:53.297650+05:00,KRÜ Esports,179.87
2219,2025-10-08 13:07:53.298163+05:00,FNATIC,248.56
2220,2025-10-08 13:07:53.299062+05:00,DRX,234.65
2221,2025-10-08 13:07:53.299654+05:00,Team Heretics,207.87
2222,2025-10-08 13:07:53.300242+05:00,Team Vitality,113.71
2223,2025-10-08 13:07:53.300767+05:00,Sentinels,204.97
2224,2025-10-08 13:07:53.301293+05:00,Bilibili Gaming,231.94
2225,2025-10-08 13:08:03.312198+05:00,TALON,239.16
2226,2025-10-08 13:08:03.314718+05:00,LEVIATÁN,271.98
2227,2025-10-08 13:08:03.315237+05:00,Gen.G,253.99
2228,2025-10-08 13:08:03.315722+05:00,FUT Esports,286.70
2229,2025-10-08 13:08:03.316249+05:00,EDward Gaming,190.11
2230,2025-10-08 13:08:03.316878+05:00,FunPlus Phoenix,203.02
2231,2025-10-08 13:08:03.317342+05:00,Trace Esports,161.99
2232,2025-10-08 13:08:03.317903+05:00,G2 Esports,235.27
2233,2025-10-08 13:08:03.318504+05:00,Paper Rex,204.50
2234,2025-10-08 13:08:03.318998+05:00,KRÜ Esports,188.17
2235,2025-10-08 13:08:03.319448+05:00,FNATIC,246.79
2236,2025-10-08 13:08:03.320066+05:00,DRX,238.52
2237,2025-10-08 13:08:03.320655+05:00,Team Heretics,215.36
2238,2025-10-08 13:08:03.321119+05:00,Team Vitality,113.56
2239,2025-10-08 13:08:03.323024+05:00,Sentinels,204.52
2240,2025-10-08 13:08:03.323499+05:00,Bilibili Gaming,235.91
2241,2025-10-08 13:08:13.329320+05:00,TALON,234.16
2242,2025-10-08 13:08:13.331773+05:00,LEVIATÁN,272.85
2243,2025-10-08 13:08:13.332255+05:00,Gen.G,244.85
2244,2025-10-08 13:08:13.332755+05:00,FUT Esports,296.42
2245,2025-10-08 13:08:13.333400+05:00,EDward Gaming,196.93
2246,2025-10-08 13:08:13.333961+05:00,FunPlus Phoenix,195.48
2247,2025-10-08 13:08:13.334587+05:00,Trace Esports,154.68
2248,2025-10-08 13:08:13.335223+05:00,G2 Esports,235.09
2249,2025-10-08 13:08:13.335713+05:00,Paper Rex,200.36
2250,2025-10-08 13:08:13.336164+05:00,KRÜ Esports,190.85
2251,2025-10-08 13:08:13.336616+05:00,FNATIC,253.17
2252,2025-10-08 13:08:13.337083+05:00,DRX,241.14
2253,2025-10-08 13:08:13.337543+05:00,Team Heretics,212.39
2254,2025-10-08 13:08:13.338025+05:00,Team Vitality,111.86
2255,2025-10-08 13:08:13.338525+05:00,Sentinels,203.03
2256,2025-10-08 13:08:13.338981+05:00,Bilibili Gaming,245.17
2257,2025-10-08 13:08:23.342324+05:00,TALON,226.26
2258,2025-10-08 13:08:23.344651+05:00,LEVIATÁN,270.78
2259,2025-10-08 13:08:23.345315+05:00,Gen.G,236.09
2260,2025-10-08 13:08:23.345981+05:00,FUT Esports,286.74
2261,2025-10-08 13:08:23.346569+05:00,EDward Gaming,205.37
2262,2025-10-08 13:08:23.347168+05:00,FunPlus Phoenix,193.18
2263,2025-10-08 13:08:23.347757+05:00,Trace Esports,145.17
2264,2025-10-08 13:08:23.348310+05:00,G2 Esports,229.99
2265,2025-10-08 13:08:23.348880+05:00,Paper Rex,199.82
2266,2025-10-08 13:08:23.349466+05:00,KRÜ Esports,194.80
2267,2025-10-08 13:08:23.350065+05:00,FNATIC,244.78
2268,2025-10-08 13:08:23.350661+05:00,DRX,231.42
2269,2025-10-08 13:08:23.351250+05:00,Team Heretics,215.95
2270,2025-10-08 13:08:23.351834+05:00,Team Vitality,108.58
2271,2025-10-08 13:08:23.352406+05:00,Sentinels,205.01
2272,2025-10-08 13:08:23.352998+05:00,Bilibili Gaming,245.84
2273,2025-10-08 13:08:33.365810+05:00,TALON,219.87
2274,2025-10-08 13:08:33.366689+05:00,LEVIATÁN,260.80
2275,2025-10-08 13:08:33.367209+05:00,Gen.G,236.96
2276,2025-10-08 13:08:33.367696+05:00,FUT Esports,294.42
2277,2025-10-08 13:08:33.368250+05:00,EDward Gaming,210.08
2278,2025-10-08 13:08:33.368767+05:00,FunPlus Phoenix,201.87
2279,2025-10-08 13:08:33.369281+05:00,Trace Esports,145.89
2280,2025-10-08 13:08:33.369754+05:00,G2 Esports,225.57
2281,2025-10-08 13:08:33.370238+05:00,Paper Rex,209.19
2282,2025-10-08 13:08:33.370782+05:00,KRÜ Esports,197.83
2283,2025-10-08 13:08:33.371252+05:00,FNATIC,235.85
2284,2025-10-08 13:08:33.371697+05:00,DRX,234.34
2285,2025-10-08 13:08:33.372166+05:00,Team Heretics,219.48
2286,2025-10-08 13:08:33.372659+05:00,Team Vitality,102.88
2287,2025-10-08 13:08:33.373133+05:00,Sentinels,210.77
2288,2025-10-08 13:08:33.373743+05:00,Bilibili Gaming,254.10
2289,2025-10-08 13:08:43.386833+05:00,TALON,227.39
2290,2025-10-08 13:08:43.387650+05:00,LEVIATÁN,252.73
2291,2025-10-08 13:08:43.388265+05:00,Gen.G,237.68
2292,2025-10-08 13:08:43.388883+05:00,FUT Esports,292.16
2293,2025-10-08 13:08:43.389429+05:00,EDward Gaming,206.07
2294,2025-10-08 13:08:43.389956+05:00,FunPlus Phoenix,197.33
2295,2025-10-08 13:08:43.390416+05:00,Trace Esports,154.25
2296,2025-10-08 13:08:43.391040+05:00,G2 Esports,218.67
2297,2025-10-08 13:08:43.391636+05:00,Paper Rex,206.89
2298,2025-10-08 13:08:43.392232+05:00,KRÜ Esports,200.73
2299,2025-10-08 13:08:43.392873+05:00,FNATIC,240.26
2300,2025-10-08 13:08:43.393431+05:00,DRX,228.92
2301,2025-10-08 13:08:43.394030+05:00,Team Heretics,214.99
2302,2025-10-08 13:08:43.394649+05:00,Team Vitality,112.75
2303,2025-10-08 13:08:43.395204+05:00,Sentinels,209.35
2304,2025-10-08 13:08:43.395794+05:00,Bilibili Gaming,249.51
2305,2025-10-08 13:08:53.397462+05:00,TALON,224.65
2306,2025-10-08 13:08:53.399610+05:00,LEVIATÁN,261.17
2307,2025-10-08 13:08:53.400265+05:00,Gen.G,236.17
2308,2025-10-08 13:08:53.400823+05:00,FUT Esports,299.09
2309,2025-10-08 13:08:53.401355+05:00,EDward Gaming,203.92
2310,2025-10-08 13:08:53.401858+05:00,FunPlus Phoenix,190.18
2311,2025-10-08 13:08:53.402534+05:00,Trace Esports,150.92
2312,2025-10-08 13:08:53.403111+05:00,G2 Esports,215.89
2313,2025-10-08 13:08:53.403651+05:00,Paper Rex,208.84
2314,2025-10-08 13:08:53.404170+05:00,KRÜ Esports,198.54
2315,2025-10-08 13:08:53.404683+05:00,FNATIC,230.91
2316,2025-10-08 13:08:53.405338+05:00,DRX,234.00
2317,2025-10-08 13:08:53.406000+05:00,Team Heretics,217.06
2318,2025-10-08 13:08:53.406570+05:00,Team Vitality,107.13
2319,2025-10-08 13:08:53.407142+05:00,Sentinels,209.57
2320,2025-10-08 13:08:53.407745+05:00,Bilibili Gaming,240.14
2321,2025-10-08 13:09:03.416985+05:00,TALON,219.84
2322,2025-10-08 13:09:03.419142+05:00,LEVIATÁN,263.07
2323,2025-10-08 13:09:03.419863+05:00,Gen.G,244.93
2324,2025-10-08 13:09:03.420502+05:00,FUT Esports,308.80
2325,2025-10-08 13:09:03.420992+05:00,EDward Gaming,210.35
2326,2025-10-08 13:09:03.421453+05:00,FunPlus Phoenix,182.93
2327,2025-10-08 13:09:03.421965+05:00,Trace Esports,146.69
2328,2025-10-08 13:09:03.422450+05:00,G2 Esports,224.61
2329,2025-10-08 13:09:03.422903+05:00,Paper Rex,205.80
2330,2025-10-08 13:09:03.423343+05:00,KRÜ Esports,200.22
2331,2025-10-08 13:09:03.423915+05:00,FNATIC,227.55
2332,2025-10-08 13:09:03.424400+05:00,DRX,237.72
2333,2025-10-08 13:09:03.424857+05:00,Team Heretics,211.33
2334,2025-10-08 13:09:03.425380+05:00,Team Vitality,100.45
2335,2025-10-08 13:09:03.425966+05:00,Sentinels,212.28
2336,2025-10-08 13:09:03.426820+05:00,Bilibili Gaming,247.26
2337,2025-10-08 13:09:13.433914+05:00,TALON,223.42
2338,2025-10-08 13:09:13.434636+05:00,LEVIATÁN,265.06
2339,2025-10-08 13:09:13.435109+05:00,Gen.G,252.44
2340,2025-10-08 13:09:13.435548+05:00,FUT Esports,308.63
2341,2025-10-08 13:09:13.435989+05:00,EDward Gaming,202.93
2342,2025-10-08 13:09:13.436549+05:00,FunPlus Phoenix,188.99
2343,2025-10-08 13:09:13.437480+05:00,Trace Esports,144.07
2344,2025-10-08 13:09:13.437956+05:00,G2 Esports,223.88
2345,2025-10-08 13:09:13.438398+05:00,Paper Rex,203.43
2346,2025-10-08 13:09:13.438854+05:00,KRÜ Esports,191.86
2347,2025-10-08 13:09:13.439308+05:00,FNATIC,227.30
2348,2025-10-08 13:09:13.439754+05:00,DRX,242.29
2349,2025-10-08 13:09:13.440213+05:00,Team Heretics,206.78
2350,2025-10-08 13:09:13.440930+05:00,Team Vitality,99.88
2351,2025-10-08 13:09:13.441419+05:00,Sentinels,208.25
2352,2025-10-08 13:09:13.441879+05:00,Bilibili Gaming,243.35
2353,2025-10-08 13:09:23.447692+05:00,TALON,215.29
2354,2025-10-08 13:09:23.450249+05:00,LEVIATÁN,268.23
2355,2025-10-08 13:09:23.450857+05:00,Gen.G,244.22
2356,2025-10-08 13:09:23.451368+05:00,FUT Esports,308.67
2357,2025-10-08 13:09:23.451882+05:00,EDward Gaming,205.03
2358,2025-10-08 13:09:23.452343+05:00,FunPlus Phoenix,197.15
2359,2025-10-08 13:09:23.452796+05:00,Trace Esports,149.52
2360,2025-10-08 13:09:23.453295+05:00,G2 Esports,227.96
2361,2025-10-08 13:09:23.453779+05:00,Paper Rex,203.25
2362,2025-10-08 13:09:23.454280+05:00,KRÜ Esports,185.78
2363,2025-10-08 13:09:23.454737+05:00,FNATIC,235.06
2364,2025-10-08 13:09:23.455237+05:00,DRX,247.58
2365,2025-10-08 13:09:23.455710+05:00,Team Heretics,206.37
2366,2025-10-08 13:09:23.456188+05:00,Team Vitality,109.80
2367,2025-10-08 13:09:23.456668+05:00,Sentinels,200.00
2368,2025-10-08 13:09:23.457157+05:00,Bilibili Gaming,237.28
2369,2025-10-08 13:09:33.467482+05:00,TALON,218.02
2370,2025-10-08 13:09:33.471144+05:00,LEVIATÁN,270.36
2371,2025-10-08 13:09:33.471704+05:00,Gen.G,249.34
2372,2025-10-08 13:09:33.472241+05:00,FUT Esports,312.02
2373,2025-10-08 13:09:33.472926+05:00,EDward Gaming,199.08
2374,2025-10-08 13:09:33.473472+05:00,FunPlus Phoenix,195.18
2375,2025-10-08 13:09:33.474010+05:00,Trace Esports,146.25
2376,2025-10-08 13:09:33.474592+05:00,G2 Esports,232.85
2377,2025-10-08 13:09:33.475076+05:00,Paper Rex,199.24
2378,2025-10-08 13:09:33.475543+05:00,KRÜ Esports,177.73
2379,2025-10-08 13:09:33.476133+05:00,FNATIC,239.17
2380,2025-10-08 13:09:33.476825+05:00,DRX,237.89
2381,2025-10-08 13:09:33.477434+05:00,Team Heretics,206.95
2382,2025-10-08 13:09:33.477996+05:00,Team Vitality,105.58
2383,2025-10-08 13:09:33.478482+05:00,Sentinels,208.21
2384,2025-10-08 13:09:33.479001+05:00,Bilibili Gaming,227.85
2385,2025-10-08 13:09:43.495476+05:00,TALON,210.44
2386,2025-10-08 13:09:43.497193+05:00,LEVIATÁN,263.35
2387,2025-10-08 13:09:43.497765+05:00,Gen.G,247.08
2388,2025-10-08 13:09:43.498371+05:00,FUT Esports,315.51
2389,2025-10-08 13:09:43.498941+05:00,EDward Gaming,201.63
2390,2025-10-08 13:09:43.499421+05:00,FunPlus Phoenix,191.92
2391,2025-10-08 13:09:43.499960+05:00,Trace Esports,137.82
2392,2025-10-08 13:09:43.500606+05:00,G2 Esports,224.66
2393,2025-10-08 13:09:43.501056+05:00,Paper Rex,197.45
2394,2025-10-08 13:09:43.501526+05:00,KRÜ Esports,170.92
2395,2025-10-08 13:09:43.502062+05:00,FNATIC,237.04
2396,2025-10-08 13:09:43.502528+05:00,DRX,233.47
2397,2025-10-08 13:09:43.503094+05:00,Team Heretics,206.79
2398,2025-10-08 13:09:43.503702+05:00,Team Vitality,111.26
2399,2025-10-08 13:09:43.504408+05:00,Sentinels,217.65
2400,2025-10-08 13:09:43.504901+05:00,Bilibili Gaming,220.27
2401,2025-10-08 13:09:53.518539+05:00,TALON,207.98
2402,2025-10-08 13:09:53.520715+05:00,LEVIATÁN,266.89
2403,2025-10-08 13:09:53.521191+05:00,Gen.G,243.35
2404,2025-10-08 13:09:53.521669+05:00,FUT Esports,314.66
2405,2025-10-08 13:09:53.522126+05:00,EDward Gaming,209.70
2406,2025-10-08 13:09:53.522564+05:00,FunPlus Phoenix,190.88
2407,2025-10-08 13:09:53.523023+05:00,Trace Esports,128.88
2408,2025-10-08 13:09:53.523476+05:00,G2 Esports,232.72
2409,2025-10-08 13:09:53.523942+05:00,Paper Rex,189.68
2410,2025-10-08 13:09:53.524407+05:00,KRÜ Esports,179.07
2411,2025-10-08 13:09:53.524844+05:00,FNATIC,232.25
2412,2025-10-08 13:09:53.525277+05:00,DRX,239.00
2413,2025-10-08 13:09:53.525720+05:00,Team Heretics,197.08
2414,2025-10-08 13:09:53.526151+05:00,Team Vitality,106.53
2415,2025-10-08 13:09:53.526619+05:00,Sentinels,215.51
2416,2025-10-08 13:09:53.527086+05:00,Bilibili Gaming,226.26
2417,2025-10-08 13:10:03.534957+05:00,TALON,216.73
2418,2025-10-08 13:10:03.539990+05:00,LEVIATÁN,257.90
2419,2025-10-08 13:10:03.540645+05:00,Gen.G,234.76
2420,2025-10-08 13:10:03.541315+05:00,FUT Esports,317.21
2421,2025-10-08 13:10:03.541803+05:00,EDward Gaming,212.22
2422,2025-10-08 13:10:03.542266+05:00,FunPlus Phoenix,200.86
2423,2025-10-08 13:10:03.542721+05:00,Trace Esports,122.13
2424,2025-10-08 13:10:03.543217+05:00,G2 Esports,235.16
2425,2025-10-08 13:10:03.543781+05:00,Paper Rex,192.62
2426,2025-10-08 13:10:03.544404+05:00,KRÜ Esports,171.73
2427,2025-10-08 13:10:03.544991+05:00,FNATIC,241.94
2428,2025-10-08 13:10:03.545559+05:00,DRX,234.69
2429,2025-10-08 13:10:03.546069+05:00,Team Heretics,205.23
2430,2025-10-08 13:10:03.546643+05:00,Team Vitality,116.25
2431,2025-10-08 13:10:03.547172+05:00,Sentinels,210.44
2432,2025-10-08 13:10:03.547644+05:00,Bilibili Gaming,218.17
2433,2025-10-08 13:10:13.550268+05:00,TALON,212.94
2434,2025-10-08 13:10:13.552767+05:00,LEVIATÁN,260.86
2435,2025-10-08 13:10:13.553542+05:00,Gen.G,227.49
2436,2025-10-08 13:10:13.554142+05:00,FUT Esports,312.48
2437,2025-10-08 13:10:13.555003+05:00,EDward Gaming,214.85
2438,2025-10-08 13:10:13.555549+05:00,FunPlus Phoenix,209.85
2439,2025-10-08 13:10:13.556011+05:00,Trace Esports,120.91
2440,2025-10-08 13:10:13.556525+05:00,G2 Esports,240.48
2441,2025-10-08 13:10:13.557009+05:00,Paper Rex,183.21
2442,2025-10-08 13:10:13.557473+05:00,KRÜ Esports,170.73
2443,2025-10-08 13:10:13.557949+05:00,FNATIC,232.14
2444,2025-10-08 13:10:13.558544+05:00,DRX,225.44
2445,2025-10-08 13:10:13.559185+05:00,Team Heretics,196.13
2446,2025-10-08 13:10:13.559668+05:00,Team Vitality,111.93
2447,2025-10-08 13:10:13.560113+05:00,Sentinels,205.53
2448,2025-10-08 13:10:13.560944+05:00,Bilibili Gaming,224.64
2449,2025-10-08 13:10:23.575272+05:00,TALON,217.47
2450,2025-10-08 13:10:23.578807+05:00,LEVIATÁN,262.97
2451,2025-10-08 13:10:23.579470+05:00,Gen.G,237.49
2452,2025-10-08 13:10:23.580123+05:00,FUT Esports,311.68
2453,2025-10-08 13:10:23.580681+05:00,EDward Gaming,213.92
2454,2025-10-08 13:10:23.581253+05:00,FunPlus Phoenix,204.59
2455,2025-10-08 13:10:23.581838+05:00,Trace Esports,129.70
2456,2025-10-08 13:10:23.582379+05:00,G2 Esports,235.78
2457,2025-10-08 13:10:23.582885+05:00,Paper Rex,180.25
2458,2025-10-08 13:10:23.583360+05:00,KRÜ Esports,174.55
2459,2025-10-08 13:10:23.583893+05:00,FNATIC,228.13
2460,2025-10-08 13:10:23.584470+05:00,DRX,231.55
2461,2025-10-08 13:10:23.585024+05:00,Team Heretics,202.92
2462,2025-10-08 13:10:23.585716+05:00,Team Vitality,115.22
2463,2025-10-08 13:10:23.586279+05:00,Sentinels,210.27
2464,2025-10-08 13:10:23.587098+05:00,Bilibili Gaming,216.53
2465,2025-10-08 13:10:33.590508+05:00,TALON,211.41
2466,2025-10-08 13:10:33.593401+05:00,LEVIATÁN,255.95
2467,2025-10-08 13:10:33.594166+05:00,Gen.G,233.30
2468,2025-10-08 13:10:33.594807+05:00,FUT Esports,312.68
2469,2025-10-08 13:10:33.595396+05:00,EDward Gaming,203.98
2470,2025-10-08 13:10:33.595954+05:00,FunPlus Phoenix,197.35
2471,2025-10-08 13:10:33.596408+05:00,Trace Esports,137.34
2472,2025-10-08 13:10:33.596881+05:00,G2 Esports,236.81
2473,2025-10-08 13:10:33.597412+05:00,Paper Rex,190.11
2474,2025-10-08 13:10:33.597924+05:00,KRÜ Esports,180.63
2475,2025-10-08 13:10:33.598498+05:00,FNATIC,230.05
2476,2025-10-08 13:10:33.598994+05:00,DRX,226.95
2477,2025-10-08 13:10:33.599534+05:00,Team Heretics,204.61
2478,2025-10-08 13:10:33.600124+05:00,Team Vitality,122.74
2479,2025-10-08 13:10:33.600719+05:00,Sentinels,216.41
2480,2025-10-08 13:10:33.601276+05:00,Bilibili Gaming,223.74
2481,2025-10-08 13:10:43.618906+05:00,TALON,203.47
2482,2025-10-08 13:10:43.621312+05:00,LEVIATÁN,264.75
2483,2025-10-08 13:10:43.621813+05:00,Gen.G,239.95
2484,2025-10-08 13:10:43.622299+05:00,FUT Esports,319.76
2485,2025-10-08 13:10:43.622840+05:00,EDward Gaming,204.65
2486,2025-10-08 13:10:43.623280+05:00,FunPlus Phoenix,188.55
2487,2025-10-08 13:10:43.623728+05:00,Trace Esports,133.26
2488,2025-10-08 13:10:43.624184+05:00,G2 Esports,240.65
2489,2025-10-08 13:10:43.624641+05:00,Paper Rex,180.12
2490,2025-10-08 13:10:43.625335+05:00,KRÜ Esports,184.85
2491,2025-10-08 13:10:43.625810+05:00,FNATIC,230.26
2492,2025-10-08 13:10:43.626290+05:00,DRX,226.96
2493,2025-10-08 13:10:43.626734+05:00,Team Heretics,207.63
2494,2025-10-08 13:10:43.627208+05:00,Team Vitality,131.37
2495,2025-10-08 13:10:43.627762+05:00,Sentinels,224.60
2496,2025-10-08 13:10:43.628248+05:00,Bilibili Gaming,231.88
2497,2025-10-08 13:10:53.636446+05:00,TALON,211.84
2498,2025-10-08 13:10:53.638817+05:00,LEVIATÁN,271.09
2499,2025-10-08 13:10:53.639447+05:00,Gen.G,231.67
2500,2025-10-08 13:10:53.639942+05:00,FUT Esports,317.30
2501,2025-10-08 13:10:53.640384+05:00,EDward Gaming,201.90
2502,2025-10-08 13:10:53.640875+05:00,FunPlus Phoenix,193.16
2503,2025-10-08 13:10:53.641433+05:00,Trace Esports,123.69
2504,2025-10-08 13:10:53.641935+05:00,G2 Esports,246.87
2505,2025-10-08 13:10:53.642519+05:00,Paper Rex,174.20
2506,2025-10-08 13:10:53.643020+05:00,KRÜ Esports,177.45
2507,2025-10-08 13:10:53.643519+05:00,FNATIC,238.42
2508,2025-10-08 13:10:53.643963+05:00,DRX,228.46
2509,2025-10-08 13:10:53.644436+05:00,Team Heretics,212.71
2510,2025-10-08 13:10:53.644898+05:00,Team Vitality,122.11
2511,2025-10-08 13:10:53.645340+05:00,Sentinels,232.83
2512,2025-10-08 13:10:53.645814+05:00,Bilibili Gaming,231.20
2513,2025-10-08 13:11:03.656840+05:00,TALON,213.73
2514,2025-10-08 13:11:03.659651+05:00,LEVIATÁN,273.02
2515,2025-10-08 13:11:03.660132+05:00,Gen.G,234.70
2516,2025-10-08 13:11:03.660618+05:00,FUT Esports,310.37
2517,2025-10-08 13:11:03.661091+05:00,EDward Gaming,196.87
2518,2025-10-08 13:11:03.661535+05:00,FunPlus Phoenix,187.80
2519,2025-10-08 13:11:03.662013+05:00,Trace Esports,120.60
2520,2025-10-08 13:11:03.662473+05:00,G2 Esports,239.30
2521,2025-10-08 13:11:03.662913+05:00,Paper Rex,166.46
2522,2025-10-08 13:11:03.663432+05:00,KRÜ Esports,182.57
2523,2025-10-08 13:11:03.663876+05:00,FNATIC,241.57
2524,2025-10-08 13:11:03.664314+05:00,DRX,227.21
2525,2025-10-08 13:11:03.664758+05:00,Team Heretics,207.55
2526,2025-10-08 13:11:03.665229+05:00,Team Vitality,123.50
2527,2025-10-08 13:11:03.665681+05:00,Sentinels,228.65
2528,2025-10-08 13:11:03.666174+05:00,Bilibili Gaming,221.26
2529,2025-10-08 13:11:13.677190+05:00,TALON,214.47
2530,2025-10-08 13:11:13.679274+05:00,LEVIATÁN,271.83
2531,2025-10-08 13:11:13.679752+05:00,Gen.G,226.92
2532,2025-10-08 13:11:13.680235+05:00,FUT Esports,314.11
2533,2025-10-08 13:11:13.680767+05:00,EDward Gaming,205.08
2534,2025-10-08 13:11:13.681214+05:00,FunPlus Phoenix,196.87
2535,2025-10-08 13:11:13.681645+05:00,Trace Esports,122.50
2536,2025-10-08 13:11:13.682082+05:00,G2 Esports,242.50
2537,2025-10-08 13:11:13.682669+05:00,Paper Rex,160.88
2538,2025-10-08 13:11:13.683328+05:00,KRÜ Esports,176.21
2539,2025-10-08 13:11:13.683903+05:00,FNATIC,237.62
2540,2025-10-08 13:11:13.684523+05:00,DRX,219.94
2541,2025-10-08 13:11:13.685135+05:00,Team Heretics,215.16
2542,2025-10-08 13:11:13.685714+05:00,Team Vitality,123.32
2543,2025-10-08 13:11:13.686336+05:00,Sentinels,232.91
2544,2025-10-08 13:11:13.686838+05:00,Bilibili Gaming,221.33
2545,2025-10-08 13:11:23.697919+05:00,TALON,221.60
2546,2025-10-08 13:11:23.700385+05:00,LEVIATÁN,267.42
2547,2025-10-08 13:11:23.700776+05:00,Gen.G,225.09
2548,2025-10-08 13:11:23.701124+05:00,FUT Esports,310.63
2549,2025-10-08 13:11:23.701477+05:00,EDward Gaming,211.99
2550,2025-10-08 13:11:23.701817+05:00,FunPlus Phoenix,191.13
2551,2025-10-08 13:11:23.702177+05:00,Trace Esports,114.36
2552,2025-10-08 13:11:23.702543+05:00,G2 Esports,243.33
2553,2025-10-08 13:11:23.702848+05:00,Paper Rex,153.34
2554,2025-10-08 13:11:23.703151+05:00,KRÜ Esports,176.00
2555,2025-10-08 13:11:23.703560+05:00,FNATIC,234.65
2556,2025-10-08 13:11:23.704005+05:00,DRX,222.75
2557,2025-10-08 13:11:23.704388+05:00,Team Heretics,209.48
2558,2025-10-08 13:11:23.704791+05:00,Team Vitality,127.88
2559,2025-10-08 13:11:23.705155+05:00,Sentinels,226.30
2560,2025-10-08 13:11:23.705595+05:00,Bilibili Gaming,214.48
2561,2025-10-08 13:11:33.713322+05:00,TALON,220.93
2562,2025-10-08 13:11:33.715564+05:00,LEVIATÁN,273.67
2563,2025-10-08 13:11:33.715997+05:00,Gen.G,227.45
2564,2025-10-08 13:11:33.716351+05:00,FUT Esports,303.99
2565,2025-10-08 13:11:33.716681+05:00,EDward Gaming,210.51
2566,2025-10-08 13:11:33.716983+05:00,FunPlus Phoenix,196.65
2567,2025-10-08 13:11:33.717267+05:00,Trace Esports,123.96
2568,2025-10-08 13:11:33.717602+05:00,G2 Esports,235.77
2569,2025-10-08 13:11:33.717958+05:00,Paper Rex,154.33
2570,2025-10-08 13:11:33.718325+05:00,KRÜ Esports,185.42
2571,2025-10-08 13:11:33.718608+05:00,FNATIC,231.36
2572,2025-10-08 13:11:33.718890+05:00,DRX,228.12
2573,2025-10-08 13:11:33.719171+05:00,Team Heretics,212.69
2574,2025-10-08 13:11:33.719539+05:00,Team Vitality,120.49
2575,2025-10-08 13:11:33.719923+05:00,Sentinels,227.05
2576,2025-10-08 13:11:33.720234+05:00,Bilibili Gaming,217.60
2577,2025-10-08 13:11:43.730364+05:00,TALON,228.15
2578,2025-10-08 13:11:43.730938+05:00,LEVIATÁN,271.23
2579,2025-10-08 13:11:43.731348+05:00,Gen.G,223.05
2580,2025-10-08 13:11:43.731683+05:00,FUT Esports,311.88
2581,2025-10-08 13:11:43.732039+05:00,EDward Gaming,209.39
2582,2025-10-08 13:11:43.732393+05:00,FunPlus Phoenix,188.76
2583,2025-10-08 13:11:43.732695+05:00,Trace Esports,116.77
2584,2025-10-08 13:11:43.732990+05:00,G2 Esports,237.84
2585,2025-10-08 13:11:43.733268+05:00,Paper Rex,150.05
2586,2025-10-08 13:11:43.733549+05:00,KRÜ Esports,190.12
2587,2025-10-08 13:11:43.733900+05:00,FNATIC,227.16
2588,2025-10-08 13:11:43.734214+05:00,DRX,226.30
2589,2025-10-08 13:11:43.734615+05:00,Team Heretics,218.04
2590,2025-10-08 13:11:43.734963+05:00,Team Vitality,130.31
2591,2025-10-08 13:11:43.735270+05:00,Sentinels,235.05
2592,2025-10-08 13:11:43.735559+05:00,Bilibili Gaming,218.45
2593,2025-10-08 13:11:53.745378+05:00,TALON,223.08
2594,2025-10-08 13:11:53.747435+05:00,LEVIATÁN,261.62
2595,2025-10-08 13:11:53.747836+05:00,Gen.G,220.92
2596,2025-10-08 13:11:53.748132+05:00,FUT Esports,314.75
2597,2025-10-08 13:11:53.748475+05:00,EDward Gaming,199.47
2598,2025-10-08 13:11:53.748796+05:00,FunPlus Phoenix,197.29
2599,2025-10-08 13:11:53.749103+05:00,Trace Esports,112.94
2600,2025-10-08 13:11:53.749528+05:00,G2 Esports,240.32
2601,2025-10-08 13:11:53.749867+05:00,Paper Rex,157.54
2602,2025-10-08 13:11:53.750181+05:00,KRÜ Esports,180.36
2603,2025-10-08 13:11:53.750511+05:00,FNATIC,226.51
2604,2025-10-08 13:11:53.750842+05:00,DRX,230.09
2605,2025-10-08 13:11:53.751989+05:00,Team Heretics,226.58
2606,2025-10-08 13:11:53.752279+05:00,Team Vitality,132.92
2607,2025-10-08 13:11:53.752572+05:00,Sentinels,233.57
2608,2025-10-08 13:11:53.752855+05:00,Bilibili Gaming,222.04
2609,2025-10-08 13:12:03.768136+05:00,TALON,230.06
2610,2025-10-08 13:12:03.768589+05:00,LEVIATÁN,253.63
2611,2025-10-08 13:12:03.768812+05:00,Gen.G,213.55
2612,2025-10-08 13:12:03.769013+05:00,FUT Esports,308.48
2613,2025-10-08 13:12:03.769267+05:00,EDward Gaming,191.54
2614,2025-10-08 13:12:03.769518+05:00,FunPlus Phoenix,194.05
2615,2025-10-08 13:12:03.769784+05:00,Trace Esports,108.77
2616,2025-10-08 13:12:03.770020+05:00,G2 Esports,239.93
2617,2025-10-08 13:12:03.770253+05:00,Paper Rex,151.71
2618,2025-10-08 13:12:03.770504+05:00,KRÜ Esports,174.02
2619,2025-10-08 13:12:03.770754+05:00,FNATIC,230.42
2620,2025-10-08 13:12:03.770959+05:00,DRX,225.87
2621,2025-10-08 13:12:03.771144+05:00,Team Heretics,227.87
2622,2025-10-08 13:12:03.771325+05:00,Team Vitality,128.02
2623,2025-10-08 13:12:03.771520+05:00,Sentinels,229.66
2624,2025-10-08 13:12:03.771725+05:00,Bilibili Gaming,223.22
2625,2025-10-08 13:12:13.779772+05:00,TALON,230.70
2626,2025-10-08 13:12:13.780227+05:00,LEVIATÁN,258.79
2627,2025-10-08 13:12:13.780482+05:00,Gen.G,208.91
2628,2025-10-08 13:12:13.780784+05:00,FUT Esports,312.44
2629,2025-10-08 13:12:13.781010+05:00,EDward Gaming,200.02
2630,2025-10-08 13:12:13.781231+05:00,FunPlus Phoenix,201.32
2631,2025-10-08 13:12:13.781436+05:00,Trace Esports,110.85
2632,2025-10-08 13:12:13.781648+05:00,G2 Esports,245.27
2633,2025-10-08 13:12:13.781863+05:00,Paper Rex,155.11
2634,2025-10-08 13:12:13.782074+05:00,KRÜ Esports,169.06
2635,2025-10-08 13:12:13.782283+05:00,FNATIC,229.51
2636,2025-10-08 13:12:13.782486+05:00,DRX,227.44
2637,2025-10-08 13:12:13.782689+05:00,Team Heretics,221.68
2638,2025-10-08 13:12:13.782893+05:00,Team Vitality,132.06
2639,2025-10-08 13:12:13.783097+05:00,Sentinels,236.25
2640,2025-10-08 13:12:13.783302+05:00,Bilibili Gaming,215.75
2641,2025-10-08 13:12:23.789854+05:00,TALON,235.58
2642,2025-10-08 13:12:23.790396+05:00,LEVIATÁN,249.22
2643,2025-10-08 13:12:23.790652+05:00,Gen.G,202.31
2644,2025-10-08 13:12:23.790937+05:00,FUT Esports,310.55
2645,2025-10-08 13:12:23.791197+05:00,EDward Gaming,200.23
2646,2025-10-08 13:12:23.791474+05:00,FunPlus Phoenix,194.40
2647,2025-10-08 13:12:23.791702+05:00,Trace Esports,114.77
2648,2025-10-08 13:12:23.791930+05:00,G2 Esports,246.36
2649,2025-10-08 13:12:23.792176+05:00,Paper Rex,157.35
2650,2025-10-08 13:12:23.792403+05:00,KRÜ Esports,173.60
2651,2025-10-08 13:12:23.792614+05:00,FNATIC,228.06
2652,2025-10-08 13:12:23.792837+05:00,DRX,233.78
2653,2025-10-08 13:12:23.793079+05:00,Team Heretics,230.94
2654,2025-10-08 13:12:23.793303+05:00,Team Vitality,124.08
2655,2025-10-08 13:12:23.793511+05:00,Sentinels,230.43
2656,2025-10-08 13:12:23.793718+05:00,Bilibili Gaming,216.81
2657,2025-10-08 13:12:33.809693+05:00,TALON,232.22
2658,2025-10-08 13:12:33.811440+05:00,LEVIATÁN,254.19
2659,2025-10-08 13:12:33.811804+05:00,Gen.G,202.93
2660,2025-10-08 13:12:33.812123+05:00,FUT Esports,312.28
2661,2025-10-08 13:12:33.812411+05:00,EDward Gaming,199.94
2662,2025-10-08 13:12:33.812694+05:00,FunPlus Phoenix,193.43
2663,2025-10-08 13:12:33.812973+05:00,Trace Esports,121.90
2664,2025-10-08 13:12:33.813293+05:00,G2 Esports,246.92
2665,2025-10-08 13:12:33.813597+05:00,Paper Rex,163.94
2666,2025-10-08 13:12:33.813897+05:00,KRÜ Esports,163.87
2667,2025-10-08 13:12:33.814176+05:00,FNATIC,226.12
2668,2025-10-08 13:12:33.814477+05:00,DRX,234.86
2669,2025-10-08 13:12:33.814784+05:00,Team Heretics,223.43
2670,2025-10-08 13:12:33.815070+05:00,Team Vitality,117.82
2671,2025-10-08 13:12:33.815362+05:00,Sentinels,233.96
2672,2025-10-08 13:12:33.815664+05:00,Bilibili Gaming,224.92
2673,2025-10-08 13:12:43.827489+05:00,TALON,227.06
2674,2025-10-08 13:12:43.829479+05:00,LEVIATÁN,248.25
2675,2025-10-08 13:12:43.829948+05:00,Gen.G,192.93
2676,2025-10-08 13:12:43.830309+05:00,FUT Esports,318.95
2677,2025-10-08 13:12:43.830612+05:00,EDward Gaming,193.52
2678,2025-10-08 13:12:43.830898+05:00,FunPlus Phoenix,193.16
2679,2025-10-08 13:12:43.831184+05:00,Trace Esports,131.07
2680,2025-10-08 13:12:43.831553+05:00,G2 Esports,245.61
2681,2025-10-08 13:12:43.831914+05:00,Paper Rex,173.46
2682,2025-10-08 13:12:43.832254+05:00,KRÜ Esports,156.91
2683,2025-10-08 13:12:43.832540+05:00,FNATIC,227.75
2684,2025-10-08 13:12:43.832825+05:00,DRX,240.09
2685,2025-10-08 13:12:43.833117+05:00,Team Heretics,213.57
2686,2025-10-08 13:12:43.833418+05:00,Team Vitality,116.44
2687,2025-10-08 13:12:43.833716+05:00,Sentinels,230.71
2688,2025-10-08 13:12:43.833999+05:00,Bilibili Gaming,220.48
2689,2025-10-08 13:12:53.848503+05:00,TALON,227.08
2690,2025-10-08 13:12:53.850758+05:00,LEVIATÁN,247.89
2691,2025-10-08 13:12:53.851139+05:00,Gen.G,192.82
2692,2025-10-08 13:12:53.851423+05:00,FUT Esports,324.24
2693,2025-10-08 13:12:53.851706+05:00,EDward Gaming,185.39
2694,2025-10-08 13:12:53.854685+05:00,FunPlus Phoenix,189.08
2695,2025-10-08 13:12:53.854959+05:00,Trace Esports,125.44
2696,2025-10-08 13:12:53.855209+05:00,G2 Esports,246.56
2697,2025-10-08 13:12:53.855460+05:00,Paper Rex,169.57
2698,2025-10-08 13:12:53.855704+05:00,KRÜ Esports,157.49
2699,2025-10-08 13:12:53.855947+05:00,FNATIC,220.25
2700,2025-10-08 13:12:53.856188+05:00,DRX,234.40
2701,2025-10-08 13:12:53.856434+05:00,Team Heretics,210.11
2702,2025-10-08 13:12:53.856676+05:00,Team Vitality,118.99
2703,2025-10-08 13:12:53.856915+05:00,Sentinels,233.23
2704,2025-10-08 13:12:53.857162+05:00,Bilibili Gaming,224.38
2705,2025-10-08 13:13:03.864067+05:00,TALON,224.63
2706,2025-10-08 13:13:03.864554+05:00,LEVIATÁN,241.72
2707,2025-10-08 13:13:03.864826+05:00,Gen.G,194.03
2708,2025-10-08 13:13:03.865145+05:00,FUT Esports,328.12
2709,2025-10-08 13:13:03.865375+05:00,EDward Gaming,177.03
2710,2025-10-08 13:13:03.865616+05:00,FunPlus Phoenix,182.04
2711,2025-10-08 13:13:03.865887+05:00,Trace Esports,128.93
2712,2025-10-08 13:13:03.866215+05:00,G2 Esports,250.86
2713,2025-10-08 13:13:03.866431+05:00,Paper Rex,175.67
2714,2025-10-08 13:13:03.866644+05:00,KRÜ Esports,147.85
2715,2025-10-08 13:13:03.866853+05:00,FNATIC,221.30
2716,2025-10-08 13:13:03.867068+05:00,DRX,242.26
2717,2025-10-08 13:13:03.867322+05:00,Team Heretics,200.27
2718,2025-10-08 13:13:03.867543+05:00,Team Vitality,110.46
2719,2025-10-08 13:13:03.867770+05:00,Sentinels,225.57
2720,2025-10-08 13:13:03.868038+05:00,Bilibili Gaming,230.72
2721,2025-10-08 13:13:13.877874+05:00,TALON,221.59
2722,2025-10-08 13:13:13.879806+05:00,LEVIATÁN,247.58
2723,2025-10-08 13:13:13.880178+05:00,Gen.G,192.02
2724,2025-10-08 13:13:13.880521+05:00,FUT Esports,328.90
2725,2025-10-08 13:13:13.880829+05:00,EDward Gaming,186.39
2726,2025-10-08 13:13:13.881145+05:00,FunPlus Phoenix,183.27
2727,2025-10-08 13:13:13.881562+05:00,Trace Esports,120.51
2728,2025-10-08 13:13:13.881931+05:00,G2 Esports,241.28
2729,2025-10-08 13:13:13.882285+05:00,Paper Rex,179.25
2730,2025-10-08 13:13:13.882663+05:00,KRÜ Esports,153.20
2731,2025-10-08 13:13:13.882971+05:00,FNATIC,222.45
2732,2025-10-08 13:13:13.883290+05:00,DRX,250.48
2733,2025-10-08 13:13:13.883581+05:00,Team Heretics,205.21
2734,2025-10-08 13:13:13.883862+05:00,Team Vitality,105.26
2735,2025-10-08 13:13:13.884167+05:00,Sentinels,229.46
2736,2025-10-08 13:13:13.884485+05:00,Bilibili Gaming,239.59
